subject_name,subject_slug,course_title,course_slug,course_description,course_difficulty,module_title,module_order,module_age_min,module_age_max,module_description,chapter_title,chapter_order,content_type,duration_minutes,content_body
Comprehensive Sexuality Education (CSE),cse,Comprehensive Sexuality Education Training,cse-training,"HOVUCA's CSE curriculum covering relationships, sexual and reproductive health, life skills, gender, human rights, and substance abuse for learners aged 10 and above.",beginner,Module 1: Relationship,1,10,15,"Family, friendship and relationships for younger adolescents.",Family Roles & Resolving Conflict,1,text,3,"<ul><li><strong>Family </strong><strong> </strong></li></ul>
<p>Family refers to a group of individuals who are connected by blood, marriage, or strong emotional bonds.   </p>
<p><strong>T</strong><strong>he roles, rights and responsibilities of different family members </strong></p>
<p><strong>  Parents</strong></p>
<p>Roles: Caregivers, educators, role models, and providers of emotional and financial support.</p>
<p>Rights: To make decisions in the best interest of their children, including education, healthcare, and upbringing.</p>
<p>Responsibilities: Ensuring the well-being and development of their children, modeling appropriate behavior, and maintaining a safe and nurturing environment<strong>.</strong></p>
<p><strong>Children</strong></p>
<p>Roles: Learners, contributors to household chores, and participants in family activities.</p>
<p>Rights: To be cared for, protected, and provided with education and opportunities for personal growth.</p>
<p>Responsibilities: To respect family rules, contribute to household tasks, and engage in their own development and education.</p>
<p><strong>Siblings</strong></p>
<p>Roles: Companions, supporters, and sometimes collaborators in shared responsibilities.</p>
<p>Rights: To be treated with fairness and respect, and to have their own needs and interests considered.</p>
<p>Responsibilities: To support one another, share family responsibilities, and maintain healthy relationships with each other.</p>
<p><strong>Causes of </strong><strong>Conflicts and misunderstandings between parents/guardians and children </strong></p>
<ul><li>Poor academic Performance. </li><li>Conflicts can occur if children do not meet behavioral expectations set by their parents, leading to misunderstandings about acceptable conduct.</li><li>Communication Gaps when Parents and children misinterpret each other’s words or actions due to differing communication style</li><li>Control Issues Parents may struggle with letting go and giving their children more freedom, leading to tension and disagreement.</li><li>Punishment as methods of discipline. Children might see punishment as unfair, while parents may view it as necessary for correction.</li><li> Decisions about college, job choices, or lifestyle can lead to conflicts if parents and children have differing views.</li><li>Screen Time Limits: Disagreements often arise over the amount of time children spend on devices, including Phone, TV etc</li><li>Differences in religious beliefs or practices can lead to misunderstandings and disagreements.</li><li>Financial Issues such as allowance and Spending</li></ul>
<p><strong>Ways in Resolving conflicts or misunderstandings between parents/guardians and children </strong></p>
<ul><li>Open and Honest Communication and active Listening. Both parties should listen attentively to each other&#x27;s perspectives without interrupting.</li><li>Build Trust and Respect</li><li>Recognize and validate each other’s feelings, even if you don’t agree with the perspective.</li><li>Set Aside Time for Discussion.</li><li>Set and Respect Boundaries and Agree on Rules.</li><li>Recognize and appreciate each other’s efforts and positive behavior.</li></ul>"
Comprehensive Sexuality Education (CSE),cse,Comprehensive Sexuality Education Training,cse-training,"HOVUCA's CSE curriculum covering relationships, sexual and reproductive health, life skills, gender, human rights, and substance abuse for learners aged 10 and above.",beginner,Module 1: Relationship,1,10,15,"Family, friendship and relationships for younger adolescents.","Friendship, Love, Romantic Relationships & Dating",2,text,3,"<p><strong>Ways to express friendship and love to another person</strong>.</p>
<ul><li>Express Appreciation Regularly tell the people what you appreciate about them and how much they mean to you.</li><li>Make an effort to spend time with the people, whether through activities you both enjoy or simply being present.</li><li>Perform small acts of kindness, such as running an errand for them, helping with a task, or bringing them their favorite treat.</li><li>Surprise them with something they like or need, such as a book by their favorite author or a favorite snack.</li><li>Simply being there for someone during challenging times can provide comfort and show you care.</li><li>Offer encouragement and support for their goals, dreams, and endeavors. Celebrate their achievements and offer a helping hand when needed.</li><li>Engage in activities that both of you enjoy, such as going to a concert, hiking, or cooking a meal together. Shared experiences can strengthen bonds.</li><li>Honor their personal space and boundaries. Respect their preferences and individuality.</li></ul>
<p><strong>(Friendship, Love, Romantic relationship and Dating)</strong></p>
<p>Relationships are avenues where adolescents can safely feel and express respect for themselves and others.  .  .  . Types of relationships include; </p>
<p><strong>Friendship: </strong> Friendships are an essential part of adolescent development. . . .</p>
<p><strong>Love:</strong>  Love is a strong feeling of warm personal attachment or deep affection for someone, such as for a parent, child or friend. Love is considered to be positive, with its  representing human , , and —&quot;the unselfish, loyal and benevolent concern for the good of another&quot;. Most adolescents misinterpret love as sex, but <strong>LOVE IS NOT SEX</strong>, neither is sex a component of love.</p>
<p><strong>Romantic relationship:  </strong>Romantic relationships are often reserved for much matured adults because it is linked in a way adults. It comes along with all the other changes going on during this period - physical, social, and emotional. Adolescents can spend a lot of time thinking about romantic relationships, and this type of relationship can bring many emotional ups and downs for them, which could be very complicated to handle by so doing taking a negative toll on their lives, and distracting them from their education which should be their main focus.</p>
<p><strong>Dating:</strong><strong>  </strong>Otherwise known as courtship<strong>,</strong> dating is a higher stage of a romantic relationship in which two individuals engage in activities together, most often with the intention of evaluating each other&#x27;s suitability as a partner in a future  such as marriage. It usually consists of  carried out by the couple either alone or with others.</p>
<p><strong>Infatuation; </strong><strong>R</strong>efers to an intense but often short-lived passion or admiration for someone, usually characterized by strong feelings of attraction and idealization. Infatuation can involve obsessive thoughts and a heightened focus on the person&#x27;s physical or superficial traits, often lacking the depth and stability found in more enduring emotional connections.</p>
<p><strong>Sexual Attraction;</strong> is a desire for physical intimacy with someone based primarily on sexual desire. It is focused on the physical and sexual aspects of the person rather than emotional or romantic connection. Sexual attraction can exist independently of emotional involvement or a deeper relationship.</p>"
Comprehensive Sexuality Education (CSE),cse,Comprehensive Sexuality Education Training,cse-training,"HOVUCA's CSE curriculum covering relationships, sexual and reproductive health, life skills, gender, human rights, and substance abuse for learners aged 10 and above.",beginner,Module 1: Relationship,1,10,15,"Family, friendship and relationships for younger adolescents.",Building Healthy Relationships,3,text,3,"<h4>How to build Healthy relationships?</h4>
<p>Building healthy relationships is an important part of your personal growth and well-being. Here are some tips to help you build healthy relationships:</p>
<ul><li><strong>Communicate effectively:</strong> Communication is key in any healthy relationship. .</li><li><strong>Respect each other</strong>: Respect is the foundation of any healthy relationship. .</li><li><strong>Build trust</strong>: Trust is essential in any healthy relationship. .</li><li><strong>Be supportive</strong>: Supporting each other through good times and bad is an important part of building a healthy relationship. .</li><li><strong>Spend quality time together</strong>: Spending quality time together is an important part of building a healthy relationship. .</li><li><strong>Be willing to compromise</strong>: Compromise is essential in any healthy relationship. .</li><li><strong>Practice forgiveness</strong>: Forgiveness is an important part of building a healthy relationship. .</li><li><strong>Maintain your own identity</strong>: Maintaining your own identity outside of the relationship is an important part of building a healthy relationship. .</li></ul>
<p>Remember that building healthy relationships takes time and effort, but it’s worth it in the end.</p>"
Comprehensive Sexuality Education (CSE),cse,Comprehensive Sexuality Education Training,cse-training,"HOVUCA's CSE curriculum covering relationships, sexual and reproductive health, life skills, gender, human rights, and substance abuse for learners aged 10 and above.",beginner,Module 1: Relationship,1,10,15,"Family, friendship and relationships for younger adolescents.",Characteristics of Unhealthy Relationships,4,text,3,"<h4>Characteristics of Unhealthy Relationships</h4>
<p>Unhealthy relationships can have a significant detrimental impact on your health, happiness, and overall well-being. . Here are some common characteristics of unhealthy relationships:</p>
<p><strong>Control</strong>: One person may try to control the other person’s life through intimidation, manipulation, or other means. .</p>
<p><strong>Lack of trust</strong>: Unhealthy relationships are often marked by a lack of trust. .</p>
<p><strong>Poor communication</strong>: Communication is key in any healthy relationship. .</p>
<p><strong>Consistent negativity</strong>: In unhealthy relationships, there may be a consistent negative tone or atmosphere. .</p>
<p><strong>Manipulation</strong>: One person may try to manipulate the other person into doing what they want. .</p>
<p>.</p>
<p> or better still cut off from such a relationship. Remember that everyone deserves to be in a healthy and safe relationship.</p>"
Comprehensive Sexuality Education (CSE),cse,Comprehensive Sexuality Education Training,cse-training,"HOVUCA's CSE curriculum covering relationships, sexual and reproductive health, life skills, gender, human rights, and substance abuse for learners aged 10 and above.",beginner,Module 2: Sexual and Reproductive Health,2,10,15,SRH fundamentals for younger adolescents.,Key Definitions & SRH Rights,1,text,3,"<p><strong>2.1.</strong><strong> KEY DEFINITIONS </strong></p>
<p><strong>What is Sexual and Reproductive Health (SRH)</strong></p>
<p><strong>What is Sexual Health</strong></p>
<p>Sexual health is an integral part of overall health, well-being and quality of life. It is a state of physical, emotional, mental and social well-being in relation to sexuality, and not merely the absence of disease, dysfunction or infirmity.</p>
<p>Sexual health requires a positive and respectful approach to sexuality and sexual relationships, as well as the possibility of having pleasurable and safe sexual experiences, free of coercion, discrimination and violence. For sexual health to be attained and maintained, the sexual rights of all people must be respected, protected and fulfilled.</p>
<p><strong>What is Reproductive Health</strong></p>
<p>Reproductive health (RH) implies that people are able to have a responsible, satisfying and safe sex life and that they have the capability to have children and the freedom to decide if, when and how often to do so<strong>.</strong></p>
<p>Linking  Sexual and Reproductive Health to Rights</p>
<ul><li>What are the Rights</li><li>The right to health care</li><li>The right to privacy</li><li>The right to particiapation</li><li>The right to protection</li><li>The right to non-discrimination</li><li>The right to obtain information</li><li>The right to express opinion</li><li>The right learning (and education)</li><li>The right to life and growth to the fullest possible extent</li><li>.</li></ul>
<p>Description of linkage </p>
<ul><li>Enjoyment of SRH is a basic part of the right to enjoy life and health and grow to the fullest possible extent</li><li>We have the right to protection from sexual abuse, STIs, early marriage, unsafe abortion and undesired pregnancy</li><li>We have the right to express opinion and feelings of sexuality and we have the right to participation in decisions that concerns us</li><li>We have the right to knowledge/education/sex education and the right to obtain SRH services (tests, guidance etc)</li><li>We have the right to privacy and non-discrimination because of our sexual affiliations (male/females) or because of the way we express ourselves and our way of life.</li><li><strong>Why are Sexual and Reproductive Health Rights Important to AGYW?</strong></li><li>Girls and young women, in particular, are denied the ability to exercise these rights. Fulfilling the rights of all children, adolescents and young people is fundamental to achieving gender equality.. All children, adolescents and young people have the right to make their own free and informed choices to have control over their sexual and reproductive health and lives, free from coercion, violence, discrimination and abuse.</li></ul>"
Comprehensive Sexuality Education (CSE),cse,Comprehensive Sexuality Education Training,cse-training,"HOVUCA's CSE curriculum covering relationships, sexual and reproductive health, life skills, gender, human rights, and substance abuse for learners aged 10 and above.",beginner,Module 2: Sexual and Reproductive Health,2,10,15,SRH fundamentals for younger adolescents.,Reproductive System (Female & Male Anatomy),2,text,3,"<p><strong>Part of the reproductive system and their function</strong></p>
<ul><li><strong> The female reproductive system</strong></li><li>Ovaries: Produce eggs (ova) and hormones such as estrogen and progesterone.</li><li>Fallopian Tubes: Transport eggs from the ovaries to the uterus. Fertilization typically occurs here.</li><li>Uterus: Nurture and house a fertilized egg during pregnancy. It also sheds its lining during menstruation if pregnancy does not occur.</li><li>Endometrium: The lining of the uterus that thickens during the menstrual cycle to prepare for potential implantation of a fertilized egg.</li><li>Cervix: The lower part of the uterus that opens into the vagina. It allows menstrual blood to flow out and sperm to enter the uterus.</li><li>Vagina: Serves as the canal for menstrual flow, receives the penis during intercourse, and is the birth canal during delivery.</li><li>Vulva: The external part of the female genitalia, including the labia, clitoris, and vaginal opening. It protects the internal reproductive organs.</li><li>Clitoris: Contains erectile tissue and is a primary source of female sexual pleasure.</li><li><strong> Male Reproductive System</strong></li><li>Testes: Produce sperm and testosterone. </li><li>Epididymis: Stores and matures sperm from the testes.</li><li>Vas Deferens: Transports mature sperm from the epididymis to the ejaculatory duct.</li><li>Seminal Vesicles: Produce a significant portion of the semen, which provides nutrients for the sperm.</li><li>Prostate Gland: Adds a fluid to the semen that helps nourish the sperm and enhances sperm motility.</li><li>Urethra: Carries urine from the bladder and semen from the reproductive system to the outside of the body.</li><li>Penis: Delivers sperm to the female reproductive tract and serves as the organ<strong> for urination.</strong></li><li><strong>Puberty</strong></li></ul>"
Comprehensive Sexuality Education (CSE),cse,Comprehensive Sexuality Education Training,cse-training,"HOVUCA's CSE curriculum covering relationships, sexual and reproductive health, life skills, gender, human rights, and substance abuse for learners aged 10 and above.",beginner,Module 2: Sexual and Reproductive Health,2,10,15,SRH fundamentals for younger adolescents.,Puberty & Physical/Emotional Changes,3,text,4,"<h4>What is Puberty</h4>
<p>Puberty is the time when kids grow into young adults through physical and emotional changes. This doesn’t happen all at once, but slowly over time. It&#x27;s good to know about the changes that come along with puberty so you know what to expect.</p>
<h4>When Does Puberty Start?</h4>
<p>Most females will start puberty when they’re 8 to 13 years old, and most males will start between 9 and 14. But it can also be normal to start earlier or later.</p>
<h4>How Does Puberty Start?</h4>
<p>Hormones from the brain trigger the start of puberty. Hormones are chemical messengers that tell the body what to do. Other puberty hormones come from the adrenal glands, a pair of glands that sit at the top of the kidneys. These hormones lead to the growth of pubic and underarm hair, body odor, and acne.</p>
<p><strong>In </strong><strong>:</strong> The hormones tell the testicles to make the hormone testosterone and sperm.</p>
<p><strong>In </strong><strong>:</strong> The hormones tell the ovaries to make the hormone estrogen and triggers the growth and release of eggs.</p>
<h4>What Physical Changes Happen During Puberty?</h4>
<p>The physical changes that happen during puberty are different for males and females.</p>
<p><strong>Males: </strong></p>
<p>For a male, the physical changes of puberty usually start with the testicles getting bigger. Dark, coarse, curly hair will sprout just above the penis and on the scrotum. The penis and testes will get larger, and  happen more often. Ejaculation — the release of sperm-containing semen —also happens. Ejaculation during sleep is called a “” or nocturnal emission.</p>
<p>Later, hair will grow under the arms and in the beard area. And that first crack in the voice is a sign that the  and will get deeper. Some males get some breast growth (called gynecomastia). It usually goes away in 6 to 18 months. Their body shape begins to change as their shoulders broaden and they gain weight and muscle. A growth spurt usually happens between ages 12 and 15. By age 16, most males have stopped growing, but their muscles will continue to develop.</p>
<p><strong>Females:</strong></p>
<p>For most females, the first physical change of puberty is breast development. It starts with small, firm, tender lumps (called buds) under one or both nipples. The breasts will get larger over the next year or two. Dark, coarse, curly hair will appear on the labia (the folds of skin surrounding the vagina). Later, more hair will grow in the pubic area and under the arms. Their body shape begins to change as their hips widen and they gain weight and body fat. Expect the first period () about 2 years after breast buds appear, usually between the ages of 9 and 16. Most females have a growth spurt about 1–2 years before their period starts. After they get their period, most females grow about 1–2 more inches before growth stops.</p>
<h4>What Emotional Changes Happen During Puberty?</h4>
<p>Just as those hormones change the way your body looks on the outside, they also change how you feel on the inside. While your body is adjusting to all the new hormones, so is your mind. During puberty, you might feel confused or have  that you&#x27;ve never had before. You may feel anxious about how your  looks. You might feel get upset or lose your temper more than usual, you will experience <strong>mood swings</strong>, you may start seeking independence which may result to <strong>frequent arguments</strong> and <strong>rebellious behavior.</strong></p>
<h4>What Else Should you Know?</h4>
<p>Even though everyone goes through puberty, we all go through it a little differently. Some of your friends might have gotten curves, but you haven&#x27;t yet. Maybe your best friend&#x27;s voice has changed, and you think you still sound like a kid. But eventually everyone catches up, and the differences will even out.</p>
<p>Keep in mind that there is no right or wrong way to look. We are all unique, on the inside and the outside. A period is a release of blood from a girl&#x27;s , out through her vagina. It is a sign that she is getting close to the end of . There is a lot to learn about periods. Here are some common questions that you may have on your mind.</p>
<ul><li><strong>Menstrual Hygiene and Management</strong><strong> </strong></li></ul>"
Comprehensive Sexuality Education (CSE),cse,Comprehensive Sexuality Education Training,cse-training,"HOVUCA's CSE curriculum covering relationships, sexual and reproductive health, life skills, gender, human rights, and substance abuse for learners aged 10 and above.",beginner,Module 2: Sexual and Reproductive Health,2,10,15,SRH fundamentals for younger adolescents.,Menstruation & Menstrual Health,4,text,6,"<h4>What is menstruation</h4>
<p>Menstruation can be defined as the monthly flow of blood from the uterus through the vagina. It begins from the age of 9-12 years. The first menstruation in girls is called menarche and the end of menstruation in women is known as menopause and normally from 45 years and above</p>
<h4>When Do Most Girls Get Their Period?</h4>
<h4>Most girls get their first period when they&#x27;re around 12. But getting it any time between age 10 and 15 is OK. Every girl&#x27;s body has its own schedule. There isn&#x27;t one right age for a girl to get her period. But there are some clues that it will start soon:</h4>
<p>Most of the time, a girl gets her period about 2 years after her breasts start to develop.</p>
<p>Another sign is  fluid (sort of like mucus) that a girl might see or feel on her underwear. This discharge usually begins about 6 months to a year before a girl gets her first period.</p>
<h4>What Causes a Period?</h4>
<p>A period happens because of changes in  in the body. Hormones are chemical messengers. The ovaries release the female hormones  and . These hormones cause the lining of the uterus (or womb) to build up. The built-up lining is ready for a fertilized egg to attach to and start developing. If there is no fertilized egg, the lining breaks down and bleeds. Then the same process happens all over again.<strong> </strong>It usually takes about a month for the lining to build up, then break down. That is why most girls and women get their periods around once a month.</p>
<h4>How Does Ovulation Relate to Periods?</h4>
<h4>Ovulation is the release of an egg from the ovaries. The same hormones that cause the uterus lining to build up also cause an egg to leave one of the ovaries. The egg travels through a thin tube called a fallopian tube to the uterus. If the egg is fertilized by a sperm cell, it attaches to the wall of the uterus, where over time it develops into a baby. If the egg is not fertilized, the uterus lining breaks down and bleeds, causing a period.</h4>
<h4>How does a girl feel when period is about to begin and during her period?</h4>
<h4>When her period begins, the levels of the hormones estrogen and progesterone are low; thus causing some discomfort as follows:</h4>
<h4>Breasts are changing</h4>
<h4>-Irritation</h4>
<h4>-Menstrual cramps (lemon???)</h4>
<h4>-Feeling tired</h4>
<h4>-Constipation or have diarrhea (Drink a lot of water)</h4>
<h4>-Bloated and gassy (eat more fruits and vegetables)</h4>
<h4>-Headache</h4>
<h4>-Mood swings etc.. (cheer up</h4>
<h4>Do Periods Happen Regularly When Menstruation Starts?</h4>
<p>For the first few years after a girl starts her period, it may not come regularly. This is normal at first. By about 2–3 years after her first period, a girl&#x27;s periods should be coming around once every 4–5 weeks.</p>
<h4>Can a Girl Get Pregnant as Soon as Her Period Starts?</h4>
<p>Yes!  a girl can get pregnant as soon as her period starts. A girl can even get pregnant right before her very first period. This is because a girl&#x27;s hormones might already be active. The hormones may have led to  and the building of the uterine wall. If a girl has sex, she can get pregnant, even though she has never had a period.</p>
<h4>How Long Do Periods Last?</h4>
<p>Periods usually last about 5 days. But a period can be shorter or last longer.</p>
<h4>How Often Does a Period Happen?</h4>
<p>Periods usually happen about once every 4–5 weeks. But some girls get their periods a little less or more often.</p>
<h4>What should I do when I start Menstruating?</h4>
<p>You have  about how to deal with period blood. You may need to experiment a bit to find which works best for you. Some girls use only one method and others switch between different methods.</p>
<p>Most girls use <strong>pads</strong> when they first get their period. Pads are made of cotton and come in lots of different sizes and shapes. They have sticky strips that attach to the underwear.</p>
<p>Many girls find <strong>tampons</strong> more convenient than pads, especially when playing sports or swimming. A tampon is a cotton plug that a girl puts into her vagina. Most tampons come with an applicator that guides the tampon into place. The tampon absorbs the blood. Don&#x27;t leave a tampon in for more than 8 hours because this can increase your risk of a serious infection called .</p>
<p>Some girls prefer a <strong>menstrual cup</strong>. Most menstrual cups are made of silicone. To use a menstrual cup, a girl inserts it into her vagina. It holds the blood until she empties it.</p>
<p>If you cannot afford any of the above mentioned, you can get any clean cotton cloth (towel, wrapper or dress) cut into about 3 millimeters long, neatly fold and wear on your panties. Make sure to change it anytime you feel wet. Wash them in hot water with soap, and dry under the sun before the next wear.</p>
<p><strong>Menstrual kit before</strong><strong> and during </strong><strong>your period:</strong></p>
<ul><li>Menstrual Product eg pads, tampons, menstrual cups etc</li><li>Wipes or a small hand sanitizer</li><li>A couple of pairs of comfortable, easily washable underwear.</li><li>A pair of comfortable pants or leggings and a top, just in case you need a fresh change.</li><li>A bottle of water</li><li>Hygiene Creams or Spray</li><li>Discreet bags for used products if you&#x27;re on the go and don’t have access to a trash bin.</li><li>Pain Management Tools eg warm bath, if indicated</li></ul>
<h4>How Much Blood Comes Out during Menstruation?</h4>
<p>It may look like a lot of blood, but a girl usually only loses a few tablespoons of blood during the whole period. Most girls need to change their pad, tampon, or menstrual cup about 3‒6 times a day.</p>
<h4>Will I Have Periods for the Rest of My Life?</h4>
<p>When women reach menopause (around age 45‒55), their periods will permanently stop. Women also won&#x27;t have a period while they are .</p>
<h4>What is PMS?</h4>
<p>PMS (premenstrual syndrome) is when a girl has emotional and physical symptoms that happen before or during her period. These symptoms can include moodiness, sadness, anxiety, bloating, and acne. The symptoms go away after the first few days of a period.</p>
<h4>What Can I Do About Cramps?</h4>
<p>Many girls have cramps with their period, especially in the first few days. If cramps bother you, you can try:</p>
<p>a warm heating pad on your belly</p>
<p>taking ibuprofen (Advil, Motrin, or store brand) or naproxen (Aleve or store brand)</p>
<h4>Should I Watch out for any Problems?</h4>
<p>Most girls don&#x27;t have any problems with their periods. Talk to an adult or see a doctor if you:</p>
<p>are 15 and haven&#x27;t started your period</p>
<p>have had your period for more than 2 years and it still doesn&#x27;t come regularly (about every 4–5 weeks)</p>
<p>Cramps are severe, and you seem to be bleeding between periods</p>
<p>have severe cramps that don&#x27;t get better with ibuprofen or naproxen </p>
<p>have very heavy bleeding (bleeding that goes through a pad or tampon faster than every 1 hour)</p>
<p>have periods that last more than about a week</p>
<p>It has been 3 months since your last period</p>
<p>have severe PMS that gets in the way of your everyday activities</p>
<h4>Daily Checklist for a Changing body</h4>
<ul><li>Shower preferably twice a day or at least once a day</li><li>Clean vagina <strong>ONLY</strong> with fresh water, NO douching liquids or chemicals.</li><li>Use deodorant or anti- per spirant on the underarms</li><li>Wash face daily to help prevent acne</li><li>Brush teeth twice per day</li><li>Eat well balanced diets</li><li>Get plenty of exercise and rest</li><li>Do not wear under garments repeatedly, it is preferable to wash and dry them under the sun before wearing again.</li></ul>
<p><strong>2.</strong><strong>4</strong><strong>.</strong><strong> </strong><strong>HIV and other STIs</strong></p>"
Comprehensive Sexuality Education (CSE),cse,Comprehensive Sexuality Education Training,cse-training,"HOVUCA's CSE curriculum covering relationships, sexual and reproductive health, life skills, gender, human rights, and substance abuse for learners aged 10 and above.",beginner,Module 2: Sexual and Reproductive Health,2,10,15,SRH fundamentals for younger adolescents.,HIV & STIs,5,text,14,"<p><strong>2.</strong><strong>4</strong><strong>.1. HIV</strong></p>
<p><strong>What is HIV</strong></p>
<p>Human Immunodeficiency Virus (HIV) is a virus that attacks cells that help the body fight infects. NB. There is no cure but it is treatable with medicine</p>
<p><strong>H</strong> -uman</p>
<p>   Found only in humans</p>
<p>   Transmitted among humans</p>
<p>   Preventable by humans</p>
<p><strong>I </strong>-mmunodefiency</p>
<p>   Body lacks ability to fight off infections</p>
<p><strong>V</strong> -irus</p>
<p>  Type of germ</p>
<p>  Lives and reproduces in body cells</p>
<p>HIV is a virus that damages the immune system</p>
<p>-The immune system helps the body fight off infections</p>
<p>-AIDS is a disease that can develop in people with HIV</p>
<p>-It’s the most advanced stage of HIV</p>
<p>-But just because a person has HIV doesn’t mean they’ll develop AIDS</p>
<p>-HIV kills CD4 cells</p>
<p>-Healthy adults generally have a CD4 count of  per cubic millimeter</p>
<p>-. A person with HIV whose CD4 count falls below  per cubic millimeter will be diagnosed with AIDS</p>
<p><strong>What is the Connection between HIV and AIDS</strong></p>
<p>To develop AIDS, a person has to have contracted HIV. But having HIV doesn’t necessarily mean that someone will develop AIDS.</p>
<p>Cases of HIV progress through three stages:</p>
<p><strong>stage 1:</strong> , the first few weeks after transmission</p>
<p><strong>stage 2:</strong> clinical latency, or chronic stage</p>
<p><strong>stage 3:</strong> AIDS</p>
<p>As HIV lowers the CD4 cell count, the immune system weakens. A typical adult’s CD4 count is 500 to 1,500 per cubic millimeter. A person with a count below 200 is considered to have AIDS.</p>
<p>Myths about HIV and AIDS. Don’t be fooled Get the facts. The below table show some myths and right facts.</p>
<p><strong>MYTHS AND RIGHT FACTS</strong></p>
<p><strong>HIV TRANSMISSION</strong></p>
<ul><li>HIV can be transmitted from one person to another through blood, semen,
vaginal fluid, rectal fluid, and breast milk. This can happen during:</li><li>Blood</li><li>semen</li><li>Vaginal and rectal fluids</li><li>breastmilk</li></ul>
<p>Some of the ways HIV is spread from person to person include:</p>
<p>through vaginal or anal sex , especially among men who have sex with men</p>
<p>by sharing needles, syringes, and other items for injection drug use</p>
<p>by sharing tattoo equipment without sterilizing it between uses</p>
<p>during pregnancy, labor, or delivery from a woman to her baby</p>
<p>during breastfeeding</p>
<p>through “pre-mastication,” or chewing a baby’s food before feeding it to them</p>
<p>through exposure to the blood of someone living with HIV, such as through a needle stick</p>
<p>through a blood transfusion or organ and tissue transplant.</p>
<p><strong>More ways HIV/AIDS can be Passed on (but rarely)</strong></p>
<p>oral sex (only if there are bleeding gums or open sores in the person’s mouth)</p>
<p>-being bitten by a person with HIV (only if the saliva is bloody or there are open sores in the person’s mouth)</p>
<p>-contact between broken skin, wounds, or mucous membranes and the blood of someone living with HIV</p>
<p><strong>HIV/AIDS cannot be Passed on</strong></p>
<ul><li>skin-to-skin contact</li><li>hugging, shaking hands, or kissing</li><li>air or water</li><li>sharing food or drinks, including drinking fountains</li><li>saliva, tears, or sweat (unless mixed with the blood of a person with HIV)</li><li>sharing a toilet, towels, or bedding</li><li>mosquitoes or other insects</li></ul>
<p><strong>You CANNOT get HIV from…</strong></p>
<p><strong>Tears </strong></p>
<p><strong>Saliva </strong></p>
<p><strong>Sweat</strong></p>
<p><strong>Urine of an HIV infected person</strong></p>
<p><strong>What is window Period for HIV</strong></p>
<p>It is the time between first infection of HIV and when the test can reliably detect the HIV infection.</p>
<ul><li>When a person gets infected it may take 6 weeks or up to 3 months before antibodies to HIV are detected in the blood</li><li>The HIV test looks for antibodies. When these antibodies are detected the person is diagnosed HIV positive</li><li>A person can be positive and the test shows negative because the test was done during the window period</li></ul>
<p><strong>Early Signs &amp; Symptoms of HIV</strong></p>
<p>Early symptoms of HIV can include:</p>
<p>- fever</p>
<p>- chills</p>
<p>- swollen lymph nodes</p>
<p>- general aches and pains</p>
<p>- skin rash</p>
<p>- sore throat</p>
<p>- headache</p>
<p>- nausea</p>
<p>- upset stomach</p>
<p>- diarrhea </p>
<p>Remember these are symptoms of many other illnesses.</p>
<p><strong>Why HIV Rates are NOT Going Down especially for AGYW</strong></p>
<p>Sex at an early age </p>
<p>Little life-skills and sex education</p>
<p>Little condom use </p>
<p>Multiple partners</p>
<p>Stigma and Discrimination</p>
<p>Sex for money or sex for other things</p>
<p>Substance abuse: Ganja, cocaine, alcohol</p>
<p>Gender inequity and gender roles</p>
<p><strong>STI and HIV – The Link</strong></p>
<p><strong>Persons with a history of STIs are more likely to get HIV because:</strong></p>
<p>Persons with STIs are more likely to have sores and small breaks in the skin and lining of their genitals. HIV can more easily enter the body through these breaks.</p>
<p><strong>HIV PREVENTION</strong></p>
<p>Talk with partner about HIV</p>
<p>Use a condom with your regular and non-regular clients, and partners every time you have sex</p>
<p>Reduce the number of main partners</p>
<p>Get tested. Know your status</p>
<p>Pre-Exposure Prophylaxis (PrEP). If you don&#x27;t have HIV you can
protect yourself by taking anti-HIV medication called oral PrEP</p>
<p>Post Exposure Prophylaxis (PEP). If you’ve been exposed to HIV you can
prevent infection by taking  HIV medication - PEP within 72 hours of exposure.</p>
<p>Antiretroviral Therapy (ART). If you’re HIV positive you can prevent transmission to others by taking HIV medication</p>
<p><strong>Additional methods you can use to reduce the risk of HIV transmission during</strong><strong>
sex </strong><strong>are</strong><strong>:</strong></p>
<ul><li>Using male or female condoms every time you have sex - including vaginal, anal and oral sex</li><li>Using water-based or silicone-based lubricant to prevent condoms from breaking and dry sex.</li><li>Regularly testing for STIs and treating them immediately.</li><li>Abstaining, reducing your number of sexual partners and knowing you partner’s status.</li></ul>
<p><strong>Mothers with HIV can reduce the risk of HIV transmission to their baby by</strong>:</p>
<ul><li>Taking HIV medication during pregnancy, birth and breastfeeding.</li><li>Treating their baby with HIV medication.</li><li>HIV-positive people who do not wish to become pregnant can use family planning to prevent unintended pregnancy.</li><li>If you are HIV positive and thinking of having a baby, talk to a doctor about the best way to reduce the risk of transmission</li></ul>
<p><strong>You can reduce the risk of HIV transmission through blood by:</strong></p>
<ul><li>Avoiding contact with other people’s blood.</li><li>Never using a needle that has been used by someone else</li></ul>
<p><strong>AGAIN</strong><strong> and AGAIN!  </strong><strong>You cannot get HIV from touching, kissing or sharing food and drink with someone who is HIV positive</strong></p>
<p><strong>ADDITIONAL SYMPTOMS ESPECIALLY IN WOMEN</strong></p>
<p>In addition, women with HIV are at increased risk of:</p>
<ul><li>recurrent </li><li>other vaginal infections, including bacterial vaginosis</li><li>pelvic inflammatory disease (PID)</li><li>menstrual cycle changes</li><li>, which can cause  and lead to </li></ul>
<p><strong>CARE RESPONSE</strong></p>
<ul><li><strong>Create a safe space</strong></li><li>A safe space is both physically and emotionally safe. Make sure you’re somewhere private, where they feel physically safe. Explain that you’re just there to listen – you won’t judge them or tell them what to do. Let them know they can trust you to protect their confidentiality.</li><li><strong>Actively Listen</strong></li><li>Show them you’re listening deeply and with empathy. Use your body language to communicate that you’re paying attention. Give them space to talk, and acknowledge and validate their feelings.</li><li><strong>Reassure</strong></li><li>Reassure them by letting them know they’re not alone, you’re there for them and their feelings are valid. If they’ve shared an experience of violence, let them know that you believe them and it’s not their fault.</li><li><strong>Empower and Support</strong></li><li>Let them know they are in control of what happens next. Help them to identify their needs and consider their options. Be ready to provide them with information about support services they can access.</li></ul>
<p>Test and Prevent</p>
<ul><li>Everybody has a responsibility to contribute to the prevention of HIV in our community!</li></ul>
<p><strong>Other ways people living with HIV can improve their health include:</strong></p>
<p>Steps to help people living with HIV feel their best include:</p>
<ul><li>fueling their body with a well-balanced diet</li><li>exercising regularly</li><li>getting plenty of rest</li><li>avoiding tobacco and other drugs</li><li>reporting any new symptoms to their healthcare ----provider right away</li></ul>
<p><strong>2.</strong><strong>4</strong><strong>.2. </strong><strong>SEXUALLY TRANSMISSIBLE INFECTIONS (STIs)</strong></p>
<p>An infection transmitted through sexual contact, caused by bacteria, viruses or parasites.</p>
<p>More than 30 different bacteria, viruses and parasites are transmitted through sexual contact. </p>
<p>STIs are spread predominantly by sexual contact, including vaginal, anal and oral sex. Some STIs can also be spread through non-sexual means such as via blood or blood products. Many STIs—including syphilis, hepatitis B, HIV, chlamydia, gonorrhoea, herpes, and HPV—can also be transmitted from mother to child during pregnancy and childbirth.</p>
<p>A person can have an STI without having obvious symptoms of disease. Common symptoms of STIs include vaginal discharge, urethral discharge or burning in men, genital ulcers, and abdominal pain.</p>
<p>Eight of these infections are linked to the greatest incidence of sexually transmitted disease.</p>
<p>4 Common types of STI - curable</p>
<ul><li>Syphilis: A bacterial infection usually spread by sexual contact that starts as a painless sore.</li><li>Chlamydia: A common, sexually transmitted infection that may not cause symptoms.</li><li>Gonorrhea:  A sexually transmitted bacterial infection that, if untreated, may cause infertility.</li><li>Trichomoniasis: a common sexually transmitted infection caused by a parasite. In women, it can cause a foul-smelling vaginal discharge, genital itching and painful urination. Men who have it typically have no symptoms.</li></ul>
<p>4 common types can’t be cured</p>
<ul><li>Hepatitis B:a vaccine-preventable liver infection caused by the hepatitis B virus (HBV). spread when blood, semen, or other body fluids from a person infected with the virus enters the body of someone who is not infected. </li><li>Herpes simplex virus (HSV or herpes): A common sexually transmitted infection marked by genital pain and sores.</li><li>HIV: HIV causes AIDS and interferes with the body&#x27;s ability to fight infections</li><li>Human papillomavirus (HPV): An infection that causes warts in various parts of the body, depending on the strain</li></ul>
<p>Treatment of STIs</p>
<ul><li>Effective treatment is currently available for several STIs.</li><li>Three bacterial STIs (chlamydia, gonorrhoea and syphilis) and one parasitic STI (trichomoniasis) are generally curable with existing, effective single-dose regimens of antibiotics.</li><li>For herpes and HIV, the most effective medications available are antivirals that can modulate the course of the disease, though they cannot cure the disease.</li><li>For hepatitis B, antiviral medications can help to fight the virus and slow damage to the liver.</li><li>To interrupt transmission of infection and prevent re-infection, treating sexual partners is an important component of STI case management.</li></ul>
<p>SCOPE OF THE PROBLEM</p>
<p>STIs have a profound impact on sexual and reproductive health worldwide.</p>
<ul><li>STIs like herpes and syphilis can increase the risk of HIV acquisition three-fold or more.</li><li>Mother-to-child transmission of STIs can result in stillbirth, neonatal death, low-birth-weight and prematurity, sepsis, pneumonia, neonatal conjunctivitis, and congenital deformities. Approximately 1 million pregnant women were estimated to have active syphilis in 2016, resulting in over 350 000 adverse birth outcomes of which 200 000 occurred as stillbirth or neonatal death (5).</li><li>HPV infection causes 570 000 cases of cervical cancer and over 300 000 cervical cancer deaths each year (6).</li><li>STIs such as gonorrhoea and chlamydia are major causes of pelvic inflammatory disease (PID) and infertility in women.</li></ul>
<p><strong>Prevention of STIs</strong></p>
<p><strong>Counselling and </strong><strong>behavioural</strong><strong> approaches</strong></p>
<p>Offer primary prevention against STIs (including HIV), as well as against unintended pregnancies. These include:</p>
<p>comprehensive sexuality education, </p>
<p>STI and HIV pre- and post-test counselling;</p>
<p>safer sex/risk-reduction counselling, condom promotion;</p>
<p>STI interventions targeted to key populations, such as sex workers, men who have sex with men and people who inject drugs; and</p>
<p>STI prevention education and counselling tailored to the needs of adolescents.</p>
<p>In addition, counselling can improve people’s ability to recognize the symptoms of STIs and increase the likelihood they will seek care or encourage a sexual partner to do so. Unfortunately, lack of public awareness, lack of training of health workers, and long-standing, widespread stigma around STIs remain barriers to greater and more effective use of these interventions.</p>
<p><strong>Barrier methods</strong></p>
<p>When used correctly and consistently, condoms offer one of the most effective methods of protection against STIs, including HIV. Female condoms are effective and safe, but are not used as widely by national programmes as male condoms.</p>
<p><strong>2</strong><strong>.</strong><strong>5</strong><strong>. Contraception</strong><strong> </strong></p>
<p>Comprehensive Sexual Health Education suggests abstinence as the preferred sexual behavior amongst teens. Abstaining from sexual activity that involves exchange of bodily fluids and/or genital to genital or skin to genital contact is the only sure way of avoiding the risk of pregnancy or sexually transmitted infections. Postponement of initial sexual activity, adherence to one sexual partner and protected sexual intercourse are sequentially offered as the next best alternatives.</p>
<table>
<tr><td></td><td>MYTHS</td><td>RIGHT FACTS</td></tr>
<tr><td></td><td>You can tell someone has HIV just by looking at them</td><td>There is no way to tell if someone has HIV by looking at them. Many people have HIV without knowing it. The only way to know if you are HIV positive is to have your blood tested.</td></tr>
<tr><td></td><td>You should avoid people
who have HIV in case they give it to you.</td><td>You cannot catch HIV like you catch the flu. HIV can only be transmitted when body fluid—either blood, semen, vaginal fluid, rectal fluid, or breast milk—enters the bloodstream of an HIV-negative person. You cannot get HIV through kissing, hugging, using the same utensils, using the same toilet, mosquitoes or any other casual contact.</td></tr>
<tr><td></td><td>Using condoms or oral PrEP means you don’t trust your partner.</td><td>Protecting yourself from HIV is not about trust. Anyone can be HIV positive, and many people don’t know their status. If you are in a loving and trusting relationship, you
should both want to protect each other from HIV. This means having safer sex, getting tested regularly and considering oral PrEP</td></tr>
<tr><td></td><td>Adolescent girls and young women, gay men and other men who have sex with men, sex workers and transgender people are more at risk of HIV because they are promiscuous.</td><td>Actually, there are many biological reasons that these groups are vulnerable to HIV. It’s easier for HIV to enter through the walls of the vagina than it is through the penis, and unprotected receptive anal sex makes people the most vulnerable to HIV. It’s also harder for these groups to protect themselves from HIV because society doesn’t treat them equally, and they have less power in their relationships to negotiate safer sex. Oral PrEP can help people take control of their health!</td></tr>
<tr><td></td><td>Some herbs can protect
you from HIV when you put them in your vagina.</td><td>here are no herbs or natural remedies that can prevent or cure HIV. Inserting plants or herbs into your vagina can increase your risk of HIV; it can dry out the vagina,
which can lead to tears and allow HIV to enter the body more easily.</td></tr>
<tr><td></td><td>If I use lubricant, I’m
protected against HIV.</td><td>Using water-based or silicone-based lubricant can reduce HIV vulnerability by keeping condoms from breaking or slipping, but using lubricant alone does not provide much HIV protection.</td></tr>
<tr><td></td><td></td><td></td></tr>
<tr><td></td><td>HIV-positive women should not breastfeed their babies.</td><td>It’s not that simple. Breastfeeding provides many nutrients and protective factors to a baby, and HIV transmission can be prevented with the right medication. HIV-positive mothers should work with their doctor to find the best option.</td></tr>
<tr><td></td><td>If you get HIV you will get sick and die.</td><td>While there is no cure for HIV, there are treatments available, known as antiretrovirals, or ARVs for short. If treatment is started early and taken consistently, a person with HIV can live a long and healthy life without ever
developing AIDS. These medications can also help prevent transmission to others</td></tr>
</table>
<table>
<tr><td>Test</td><td>Prevent</td><td>Respond</td><td>treat</td></tr>
<tr><td>Test for HIV and STIs – and do it regularly

Most HIV transmissions come from people who don’t know they’re HIV positive.
Knowing you’re HIV positive gives you the power to protect your health and prevent transmission to others. Knowing
your partner’s status is also important for
making decisions about HIV prevention</td><td>Protect yourself from HIV transmission
every time you have sex.
Use male condoms and female condoms.
Male and female condoms put a barrier between the most delicate skin and body fluids that may contain HIV and other STIs. Using lubricant (water- or silicone-based)
will help prevent condoms from breaking.

Prevent
Oral PrEP (preexposure
prophylaxis)
Oral PrEP is a medication that an HIVnegative person can take to protect
themselves from HIV. It creates a shield
around a person’s blood cells to protect
them from HIV. When a person takes oral PrEP every day and they’re exposed to HIV, it can’t infect their blood cells. The virus will die, and the person won’t get HIV. Oral PrEP doesn’t protect you against STIs, so it’s best to always use a condom

Abstinence, reducing your number of sexual partners, can also help prevent HIV</td><td>If you’ve been exposed to HIV, act quickly!

If you’re worried you might have been
exposed to HIV, you can take emergency
medication to reduce the risk that you’ll get HIV

Respond quickly
PEP (post-exposure
prophylaxis)
If HIV makes it into the body, PEP can
stop it from spreading to other cells. When HIV can’t spread, it dies. This may prevent a person from becoming HIV positive. PEP must be started within 72 hours of exposure and taken every day for 4 weeks</td><td>If you’ve been diagnosed with HIV, start treatment
as soon as possible to stay healthy and prevent
transmission.
If you find out you have HIV, it’s important
to start treatment right away. It won’t
cure HIV, but it can stop the virus from
spreading and developing into AIDS –
meaning that you can live a long and
healthy life. HIV treatment also reduces
the risk that you’ll transmit HIV to others.

Treatment
ART (Antiretroviral
therapy)
ART is a combination of medications that work together to reduce the amount of HIV in a person’s body and boost their immune system. If
treatment is started early and taken every day, the amount of HIV in a
person’s blood can become so low that there’s not enough of the virus
to pass on to others. This is called an undetectable viral load.</td></tr>
</table>"
Comprehensive Sexuality Education (CSE),cse,Comprehensive Sexuality Education Training,cse-training,"HOVUCA's CSE curriculum covering relationships, sexual and reproductive health, life skills, gender, human rights, and substance abuse for learners aged 10 and above.",beginner,Module 2: Sexual and Reproductive Health,2,10,15,SRH fundamentals for younger adolescents.,Contraception,6,text,5,"<h4>What is contraception?</h4>
<p>Contraception occurs by either preventing the fertilization of an ovum (egg) by the sperm cell, or the prevention of implantation of the embryo (fertilized egg) into the lining of the uterus. </p>
<p><strong>Why is it important to learn about contraception?</strong>  </p>
<p>Teaching birth control/contraception is not an assumption that you are sexually active, but it is a factual information which is critical to make healthy decisions now and in the future.</p>
<p>Types of contraception methods include:</p>
<p>Abstinence</p>
<p>Condoms</p>
<p>The Fertility awareness or calendar use.</p>
<ul><li>Emergency Contraception/Plan B (the “morning after pill”)</li><li>Hormonal pills: A pill is taken orally each day </li><li>Birth control patch: This is a patch that sticks to the skin, delivers hormones through the skin, and is changed once per week for three weeks</li><li>Vaginal ring: This is a small flexible device that is inserted into the vagina once a month for three weeks</li></ul>
<p>Depo-Provera shot: This is an injection into the muscle every 12 weeks </p>
<p>Hormone-releasing intrauterine device (IUD): This is a tiny, T-shaped device that is inserted into the uterus and can stay in place for three to six years depending on the IUD that is chosen</p>
<p>Birth control implant: This is a small, thin rod that is inserted under the skin of the arm for 3 to 5 years (one in 10 women stopped using this method because of unfavorable bleeding changes)</p>
<p>Dual use</p>
<p>It should be noted that amongst all the contraceptive methods listed above, <strong>ABSTINENCE </strong>remains the <strong>most reliable method</strong> with <strong>100%</strong> guarantee to prevent unwanted pregnancies.</p>
<p><strong>Barriers to contraceptive adoption and sustained use </strong></p>
<p><strong>i</strong><strong>)</strong> <strong>Limited method choice and access </strong></p>
<p>Contraceptive use depends on a person’s knowledge of methods and sources of supplies. There is also usually a correlation between travel time from a woman’s home to any health clinic and the likelihood that she will use a contraceptive</p>
<p><strong>ii) </strong><strong>Financial</strong><strong> costs </strong></p>
<p>The prices of contraceptives vary widely in different markets and between branded and generic products. The financial cost of contraceptives may influence choice of method and adoption. </p>
<p><strong>iii) Women’s status and perceptions of partner’s views</strong></p>
<p>The social construction of gender and women’s position within society affects many aspects of family planning. Fertility preferences can be derived from the social and economic status gained by conforming to cultural expectations about motherhood rather than through personal choice, for example by having large families, sons or proving fertility by having children straight after marriage. Again women are often financially dependent on men and may lack access to cash to purchase contraceptives and may also be coerced into making reproductive choices based on the wishes of others.</p>
<p><strong>iv) </strong><strong>Medical and legal restrictions</strong></p>
<p>Practices, derived at least partly from a medical rationale, which result in a scientifically unjustifiable impediment to, or denial of, contraception. For example, women being subjected to unnecessary medical procedures as a prerequisite for gaining access to contraceptive methods may act as a barrier. Even where family planning services are physically accessible and economic barriers to access are few, medical barriers to contraceptive services— such as overspecialisation, demanding husbands’ consent, eligibility restrictions and process hurdles—can limit women’s use of services</p>
<p><strong>v)  Provider bias</strong></p>
<p> Service providers sometimes deny access to a family planning method as a result of their own prejudices about the method or its delivery system or the status of the person asking for family planning</p>
<p><strong>vi) Misinformation </strong></p>
<p>Side effects, lack of accurate information, and misinformation commonly interact to create a disproportionate fear of fertility regulation methods. For instance, young people fear using either the pill or injectable contraceptives because they believed that these methods would make them permanently sterile.</p>
<p><strong>2.</strong><strong>6</strong><strong>. Pregnancy </strong></p>
<p>Pregnancy is a<strong> </strong>period in which a fetus develops inside a woman&#x27;s womb or uterus. It can also be defined as the condition of carrying a developing embryo or fetus within the female body. It typically lasts about 40 weeks, measured from the first day of the last menstrual period (LMP)</p>
<p><strong>Signs of pregnancy</strong></p>
<ul><li>Missed Period</li><li>Nausea and Vomiting</li><li>Tender Breast</li><li>Fatigue</li><li>Frequent Urination.</li><li>Mood Swings.</li><li>Food Cravings </li><li>Increased Sensitivity to Smell</li><li>Headaches or Dizziness.</li></ul>
<p>If you suspect you might be pregnant, taking a home pregnancy test or visiting a healthcare provider can give you a definitive answer.</p>
<p>Unintended Pregnancy. What is it?</p>
<p>An unintended pregnancy is a pregnancy that is either occurring earlier than desired or unwanted occurring when no children are desired. Statistically it is estimated Approximately 44% of pregnancies worldwide are unintended and about 61% of unintended pregnancies end in abortion, 24% result in an unplanned birth, and 15% in miscarriage.</p>
<p><strong>Causes of unintended pregnancy</strong></p>
<p>Lack of Comprehensive Sexual Education leading to uninformed decisions.</p>
<p>Sexual Violence Pregnancies resulting from rape or coerced sex.</p>
<p>Ineffectiveness of contraceptive methods due to incorrect use or failure of the method itself.</p>
<p>Lack of Access to Contraception. Barriers to obtaining and using contraceptives, including cost, availability, and lack of information.</p>
<p>Societal norms and expectations influencing contraceptive use and sexual behavior.</p>
<p>Peer pressure the leads into reckless behaviors.</p>
<p>Having multiply sexual partners</p>
<p><strong>Consequences of unintended pregnancy for girls </strong></p>
<p>Higher risk of maternal morbidity and mortality, especially in cases of unsafe abortion.</p>
<p>Increased financial strain on families and healthcare systems.</p>
<p>Emotional stress, anxiety, and depression for the individual and parents.</p>
<p>Potential stigma and social repercussions, particularly for unmarried women and girls.</p>
<p>Children from unintended pregnancies may face adverse health and developmental outcomes due to potential lack of preparation and resources.</p>
<p> Unintended pregnancies can interrupt or end educational and career aspirations, particularly for young women.</p>
<p><strong>Consequences of unintended pregnancy for boys</strong></p>
<p>Emotional stress, anxiety and depression for the individual and parents.</p>
<p>School drop out</p>
<p>Increased financial strain on families and healthcare systems.</p>
<p>Unintended parenting </p>
<p><strong>How Can Unintended Pregnancy Be Prevented</strong></p>
<p>Providing accurate, age-appropriate information about sexual and reproductive health, including contraception, consent, and healthy relationships.</p>
<p>Right use and access to contraception</p>
<p>Improving access to quality reproductive health services and counselling </p>
<p>Promoting gender equality and empowering women and girls to make informed decisions about their reproductive health.</p>
<p>Support for Victims of Sexual Violence including access to emergency contraception, for survivors.</p>
<p><strong>Myths about pregnancy prevention</strong></p>
<ul><li>Douching with various solutions after sexual intercourse, which does not kill all sperm.</li><li>Drinking vast amounts of medication or alcohol which, does nothing to prevent pregnancy and could cause harm. </li><li>Withdrawal before orgasm (pulling out), which does not ensure sperm are not released into the vaginal area because pre-ejaculate can be unknowingly released. </li><li>Using Saran Wrap, instead of a condom which, does not protect against pregnancy.</li></ul>"
Comprehensive Sexuality Education (CSE),cse,Comprehensive Sexuality Education Training,cse-training,"HOVUCA's CSE curriculum covering relationships, sexual and reproductive health, life skills, gender, human rights, and substance abuse for learners aged 10 and above.",beginner,Module 1: Relationship,3,15,,Relationships for older adolescents and above.,"Friendship, Love, Romantic Relationships & Dating",1,text,3,"<p><strong>Ways to express friendship and love to another person</strong>.</p>
<ul><li>Express Appreciation Regularly tell the people what you appreciate about them and how much they mean to you.</li><li>Make an effort to spend time with the people, whether through activities you both enjoy or simply being present.</li><li>Perform small acts of kindness, such as running an errand for them, helping with a task, or bringing them their favorite treat.</li><li>Surprise them with something they like or need, such as a book by their favorite author or a favorite snack.</li><li>Simply being there for someone during challenging times can provide comfort and show you care.</li><li>Offer encouragement and support for their goals, dreams, and endeavors. Celebrate their achievements and offer a helping hand when needed.</li><li>Engage in activities that both of you enjoy, such as going to a concert, hiking, or cooking a meal together. Shared experiences can strengthen bonds.</li><li>Honor their personal space and boundaries. Respect their preferences and individuality.</li></ul>
<p><strong>(Friendship, Love, Romantic relationship and Dating)</strong></p>
<p>Relationships are avenues where adolescents can safely feel and express respect for themselves and others.  .  .  . Types of relationships include; </p>
<p><strong>Friendship: </strong> Friendships are an essential part of adolescent development. . . .</p>
<p><strong>Love:</strong>  Love is a strong feeling of warm personal attachment or deep affection for someone, such as for a parent, child or friend. Love is considered to be positive, with its  representing human , , and —&quot;the unselfish, loyal and benevolent concern for the good of another&quot;. Most adolescents misinterpret love as sex, but <strong>LOVE IS NOT SEX</strong>, neither is sex a component of love.</p>
<p><strong>Romantic relationship:  </strong>Romantic relationships are often reserved for much matured adults because it is linked in a way adults. It comes along with all the other changes going on during this period - physical, social, and emotional. Adolescents can spend a lot of time thinking about romantic relationships, and this type of relationship can bring many emotional ups and downs for them, which could be very complicated to handle by so doing taking a negative toll on their lives, and distracting them from their education which should be their main focus.</p>
<p><strong>Dating:</strong><strong>  </strong>Otherwise known as courtship<strong>,</strong> dating is a higher stage of a romantic relationship in which two individuals engage in activities together, most often with the intention of evaluating each other&#x27;s suitability as a partner in a future  such as marriage. It usually consist of  carried out by the couple either alone or with others.</p>
<p><strong>Infatuation; </strong><strong>R</strong>efers to an intense but often short-lived passion or admiration for someone, usually characterized by strong feelings of attraction and idealization. Infatuation can involve obsessive thoughts and a heightened focus on the person&#x27;s physical or superficial traits, often lacking the depth and stability found in more enduring emotional connections.</p>
<p><strong>Sexual Attraction;</strong> is a desire for physical intimacy with someone based primarily on sexual desire. It is focused on the physical and sexual aspects of the person rather than emotional or romantic connection. Sexual attraction can exist independently of emotional involvement or a deeper relationship.</p>
<p><strong>Love vs. Infatuation</strong>: Love is more enduring and deeper, involving emotional commitment and mutual understanding, while infatuation is often intense but fleeting, focused on surface-level qualities and often idealized.</p>
<p><strong>Friendship vs. Romantic Love:</strong> Friendship is based on mutual support and respect, while romantic love involves a deeper emotional connection, often including physical intimacy and long-term commitment.</p>
<p><strong>Sexual Attraction vs. Emotional Connection:</strong> Sexual attraction is primarily about physical desire and can exist without emotional intimacy, whereas emotional connection involves deeper feelings of affection and understanding that go beyond physical attraction.</p>"
Comprehensive Sexuality Education (CSE),cse,Comprehensive Sexuality Education Training,cse-training,"HOVUCA's CSE curriculum covering relationships, sexual and reproductive health, life skills, gender, human rights, and substance abuse for learners aged 10 and above.",beginner,Module 1: Relationship,3,15,,Relationships for older adolescents and above.,Building Healthy Relationships,2,text,3,"<h4>How to build Healthy relationships?</h4>
<p>Building healthy relationships is an important part of your personal growth and well-being. Here are some tips to help you build healthy relationships:</p>
<ul><li><strong>Communicate effectively:</strong> Communication is key in any healthy relationship. .</li><li><strong>Respect each other</strong>: Respect is the foundation of any healthy relationship. .</li><li><strong>Build trust</strong>: Trust is essential in any healthy relationship. .</li><li><strong>Be supportive</strong>: Supporting each other through good times and bad is an important part of building a healthy relationship. .</li><li><strong>Spend quality time together</strong>: Spending quality time together is an important part of building a healthy relationship. .</li><li><strong>Be willing to compromise</strong>: Compromise is essential in any healthy relationship. .</li><li><strong>Practice forgiveness</strong>: Forgiveness is an important part of building a healthy relationship. .</li><li><strong>Maintain your own identity</strong>: Maintaining your own identity outside of the relationship is an important part of building a healthy relationship. .</li></ul>
<p>Remember that building healthy relationships takes time and effort, but it’s worth it in the end.</p>"
Comprehensive Sexuality Education (CSE),cse,Comprehensive Sexuality Education Training,cse-training,"HOVUCA's CSE curriculum covering relationships, sexual and reproductive health, life skills, gender, human rights, and substance abuse for learners aged 10 and above.",beginner,Module 1: Relationship,3,15,,Relationships for older adolescents and above.,Unhealthy Relationships & Managing Sexual Emotions,3,text,3,"<h4>Characteristics of Unhealthy Relationships</h4>
<p>Unhealthy relationships can have a significant detrimental impact on your health, happiness, and overall well-being. . Here are some common characteristics of unhealthy relationships:</p>
<p><strong>Control</strong>: One person may try to control the other person’s life through intimidation, manipulation, or other means. .</p>
<p><strong>Lack of trust</strong>: Unhealthy relationships are often marked by a lack of trust. .</p>
<p><strong>Poor communication</strong>: Communication is key in any healthy relationship. .</p>
<p><strong>Consistent negativity</strong>: In unhealthy relationships, there may be a consistent negative tone or atmosphere. .</p>
<p><strong>Manipulation</strong>: One person may try to manipulate the other person into doing what they want. .</p>
<p>.</p>
<p> or better still cut off from such a relationship. Remember that everyone deserves to be in a healthy and safe relationship.</p>
<p><strong>Ways in managing sexual emotions as a young person</strong></p>
<ul><li>Reflect on your sexual emotions and desires to understand what triggers them and how they affect you. Recognize whether these feelings are tied to a specific person, situation, or general emotions.</li><li>Clarify your personal values and boundaries regarding sex. Understanding what you want and don’t want can help you make informed decisions and manage your emotions more effectively.</li><li>If you’re in a relationship, communicate openly and honestly with your partner about your sexual needs, desires, and boundaries. Effective communication can prevent misunderstandings and ensure that both partners feel respected and understood. Respecting the other person’s boundaries </li><li>Find healthy ways to channel sexual emotions. Engaging in hobbies, exercise, or creative activities can provide an outlet for intense emotions and reduce the focus on sexual desire.</li><li>Learn about human sexuality, including the emotional and physical aspects. Understanding sexual health and emotions can help you manage them more effectively and make informed choices.</li><li>If sexual emotions become overwhelming or difficult to manage, consider seeking guidance from a therapist or counselor specializing in sexual health. </li><li>Building Healthy Relationships can provide a stable foundation for managing sexual emotions.</li><li>Be mindful of any compulsive behaviors related to sexual activity, such as excessive pornography consumption or impulsive decisions</li></ul>"
Comprehensive Sexuality Education (CSE),cse,Comprehensive Sexuality Education Training,cse-training,"HOVUCA's CSE curriculum covering relationships, sexual and reproductive health, life skills, gender, human rights, and substance abuse for learners aged 10 and above.",beginner,Module 2: Sexual and Reproductive Health,4,15,,SRH for older adolescents and above.,Key Definitions & SRH Rights,1,text,3,"<p><strong>2.1.</strong><strong> KEY DEFINITIONS </strong></p>
<p><strong>What is Sexual and Reproductive Health (SRH)</strong></p>
<p><strong>What is Sexual Health</strong></p>
<p>Sexual health is an integral part of overall health, well-being and quality of life. It is a state of physical, emotional, mental and social well-being in relation to sexuality, and not merely the absence of disease, dysfunction or infirmity.</p>
<p>Sexual health requires a positive and respectful approach to sexuality and sexual relationships, as well as the possibility of having pleasurable and safe sexual experiences, free of coercion, discrimination and violence. For sexual health to be attained and maintained, the sexual rights of all people must be respected, protected and fulfilled.</p>
<p><strong>What is Reproductive Health</strong></p>
<p>Reproductive health (RH) implies that people are able to have a responsible, satisfying and safe sex life and that they have the capability to have children and the freedom to decide if, when and how often to do so<strong>.</strong></p>
<p>Linking Sexual and Reproductive Health to Rights</p>
<ul><li>What are the Rights</li><li>The right to health care</li><li>The right to privacy</li><li>The right to participation</li><li>The right to protection</li><li>The right to non-discrimination</li><li>The right to obtain information</li><li>The right to express opinion</li><li>The right learning (and education)</li><li>The right to life and growth to the fullest possible extent</li></ul>
<p>.</p>
<p>Description of linkage </p>
<ul><li>Enjoyment of SRH is a basic part of the right to enjoy life and health and grow to the fullest possible extent</li><li>We have the right to protection from sexual abuse, STIs, early marriage, unsafe abortion and undesired pregnancy</li><li>We have the right to express opinion and feelings of sexuality and we have the right to participation in decisions that concerns us</li><li>We have the right to knowledge/education/sex education and the right to obtain SRH services (tests, guidance etc)</li><li>We have the right to privacy and non-discrimination because of our sexual affiliations (male/females) or because of the way we express ourselves and our way of life.</li><li><strong>Why are Sexual and Reproductive Health Rights Important to AGYW?</strong></li><li>Girls and young women, in particular, are denied the ability to exercise these rights. Fulfilling the rights of all children, adolescents and young people is fundamental to achieving gender equality.. All children, adolescents and young people have the right to make their own free and informed choices to have control over their sexual and reproductive health and lives, free from coercion, violence, discrimination and abuse.</li></ul>"
Comprehensive Sexuality Education (CSE),cse,Comprehensive Sexuality Education Training,cse-training,"HOVUCA's CSE curriculum covering relationships, sexual and reproductive health, life skills, gender, human rights, and substance abuse for learners aged 10 and above.",beginner,Module 2: Sexual and Reproductive Health,4,15,,SRH for older adolescents and above.,Reproductive System (Female & Male Anatomy),2,text,3,"<p><strong>Part of the reproductive system and their function</strong></p>
<ul><li><strong> The female reproductive system</strong></li><li>Ovaries: Produce eggs (ova) and hormones such as estrogen and progesterone.</li><li>Fallopian Tubes: Transport eggs from the ovaries to the uterus. Fertilization typically occurs here.</li><li>Uterus: Nurture and house a fertilized egg during pregnancy. It also sheds its lining during menstruation if pregnancy does not occur.</li><li>Endometrium: The lining of the uterus that thickens during the menstrual cycle to prepare for potential implantation of a fertilized egg.</li><li>Cervix: The lower part of the uterus that opens into the vagina. It allows menstrual blood to flow out and sperm to enter the uterus.</li><li>Vagina: Serves as the canal for menstrual flow, receives the penis during intercourse, and is the birth canal during delivery.</li><li>Vulva: The external part of the female genitalia, including the labia, clitoris, and vaginal opening. It protects the internal reproductive organs.</li><li>Clitoris: Contains erectile tissue and is a primary source of female sexual pleasure.</li><li><strong> Male Reproductive System</strong></li><li>Testes: Produce sperm and testosterone. </li><li>Epididymis: Stores and matures sperm from the testes.</li><li>Vas Deferens: Transports mature sperm from the epididymis to the ejaculatory duct.</li><li>Seminal Vesicles: Produce a significant portion of the semen, which provides nutrients for the sperm.</li><li>Prostate Gland: Adds a fluid to the semen that helps nourish the sperm and enhances sperm motility.</li><li>Urethra: Carries urine from the bladder and semen from the reproductive system to the outside of the body.</li><li>Penis: Delivers sperm to the female reproductive tract and serves as the organ<strong> for urination.</strong></li></ul>"
Comprehensive Sexuality Education (CSE),cse,Comprehensive Sexuality Education Training,cse-training,"HOVUCA's CSE curriculum covering relationships, sexual and reproductive health, life skills, gender, human rights, and substance abuse for learners aged 10 and above.",beginner,Module 2: Sexual and Reproductive Health,4,15,,SRH for older adolescents and above.,Menstrual Hygiene & Management,3,text,6,"<ul><li><strong>Menstrual Hygiene and Management </strong></li></ul>
<h4>What is menstruation</h4>
<p>Menstruation can be defined as the monthly flow of blood from the uterus through the vagina. It begins from the age of 9-12 years. The first menstruation in girls is called menarche and the end of menstruation in women is known as menopause and normally from 45 years and above</p>
<h4>When Do Most Girls Get Their Period?</h4>
<h4>Most girls get their first period when they&#x27;re around 12. But getting it any time between age 10 and 15 is OK. Every girl&#x27;s body has its own schedule. There isn&#x27;t one right age for a girl to get her period. But there are some clues that it will start soon:</h4>
<p>Most of the time, a girl gets her period about 2 years after her breasts start to develop.</p>
<p>Another sign is  fluid (sort of like mucus) that a girl might see or feel on her underwear. This discharge usually begins about 6 months to a year before a girl gets her first period.</p>
<p><strong>What Causes a Period?</strong> A period happens because of changes in  in the body. Hormones are chemical messengers. The ovaries release the female hormones  and . These hormones cause the lining of the uterus (or womb) to build up. The built-up lining is ready for a fertilized egg to attach to and start developing. If there is no fertilized egg, the lining breaks down and bleeds. Then the same process happens all over again.<strong> </strong>It usually takes about a month for the lining to build up, then break down. That is why most girls and women get their periods around once a month.</p>
<h4>How Does Ovulation Relate to Periods?</h4>
<h4>Ovulation is the release of an egg from the ovaries. The same hormones that cause the uterus lining to build up also cause an egg to leave one of the ovaries. The egg travels through a thin tube called a fallopian tube to the uterus. If the egg is fertilized by a sperm cell, it attaches to the wall of the uterus, where over time it develops into a baby. If the egg is not fertilized, the uterus lining breaks down and bleeds, causing a period.</h4>
<h4>How does a girl feel when period is about to start or when she is on her period?</h4>
<h4>When her period begins, the levels of the hormones estrogen and progesterone are low; thus causing some discomfort as follows:-</h4>
<h4>-Breasts are changing</h4>
<h4>-Irritation</h4>
<h4>-Menstrual cramps (lemon???)</h4>
<h4>-Feeling tired</h4>
<h4>-Constipation or have diarrhea (Drink a lot of water)</h4>
<h4>-Bloated and gassy (eat more fruits and vegetables)</h4>
<h4>-Headache</h4>
<h4>-Mood swings etc.. (cheer up)</h4>
<p><strong>Menstrual kit before</strong><strong> and during </strong><strong>your period:</strong></p>
<ul><li>Menstrual Product eg pads, tampons, menstrual cups etc</li><li>Wipes or a small hand sanitizer</li><li>A couple of pairs of comfortable, easily washable underwear.</li><li>A pair of comfortable pants or leggings and a top, just in case you need a fresh change.</li><li>A bottle of water</li><li>Hygiene Creams or Spray</li><li>Discreet bags for used products if you&#x27;re on the go and don’t have access to a trash bin.</li><li>Pain Management Tools eg warm bath, if indicated</li></ul>
<h4>Do Periods Happen Regularly When Menstruation Starts?</h4>
<p>For the first few years after a girl starts her period, it may not come regularly. This is normal at first. By about 2–3 years after her first period, a girl&#x27;s periods should be coming around once every 4–5 weeks.</p>
<h4>Can a Girl Get Pregnant as Soon as Her Period Starts?</h4>
<p>Yes!  a girl can get pregnant as soon as her period starts. A girl can even get pregnant right before her very first period. This is because a girl&#x27;s hormones might already be active. The hormones may have led to  and the building of the uterine wall. If a girl has sex, she can get pregnant, even though she has never had a period.</p>
<h4>How Long Do Periods Last?</h4>
<p>Periods usually last about 5 days. But a period can be shorter or last longer.</p>
<h4>How Often Does a Period Happen?</h4>
<p>Periods usually happen about once every 4–5 weeks. But some girls get their periods a little less or more often.</p>
<h4>What should I do when I start Menstruating?</h4>
<p>You have  about how to deal with period blood. You may need to experiment a bit to find which works best for you. Some girls use only one method and others switch between different methods.</p>
<p>Most girls use <strong>pads</strong> when they first get their period. Pads are made of cotton and come in lots of different sizes and shapes. They have sticky strips that attach to the underwear.</p>
<p>Many girls find <strong>tampons</strong> more convenient than pads, especially when playing sports or swimming. A tampon is a cotton plug that a girl puts into her vagina. Most tampons come with an applicator that guides the tampon into place. The tampon absorbs the blood. Don&#x27;t leave a tampon in for more than 8 hours because this can increase your risk of a serious infection called .</p>
<p>Some girls prefer a <strong>menstrual cup</strong>. Most menstrual cups are made of silicone. To use a menstrual cup, a girl inserts it into her vagina. It holds the blood until she empties it.</p>
<p>If you cannot afford any of the above mentioned, you can get any clean cotton cloth (towel, wrapper or dress) cut into about 3 millimeters long, neatly fold and wear on your panties. Make sure to change it anytime you feel wet. Wash them in hot water with soap, and dry under the sun before the next wear.</p>
<h4>How Much Blood Comes Out during Menstruation?</h4>
<p>It may look like a lot of blood, but a girl usually only loses a few tablespoons of blood during the whole period. Most girls need to change their pad, tampon, or menstrual cup about 3‒6 times a day.</p>
<h4>Will I Have Periods for the Rest of My Life?</h4>
<p>When women reach menopause (around age 45‒55), their periods will permanently stop. Women also won&#x27;t have a period while they are .</p>
<h4>What is PMS?</h4>
<p>PMS (premenstrual syndrome) is when a girl has emotional and physical symptoms that happen before or during her period. These symptoms can include moodiness, sadness, anxiety, bloating, and acne. The symptoms go away after the first few days of a period.</p>
<h4>What Can I Do About Cramps?</h4>
<p>Many girls have cramps with their period, especially in the first few days. If cramps bother you, you can try:</p>
<p>a warm heating pad on your belly</p>
<p>taking ibuprofen (Advil, Motrin, or store brand) or naproxen (Aleve or store brand)</p>
<h4>Should I Watch out for any Problems?</h4>
<p>Most girls don&#x27;t have any problems with their periods. Talk to an adult or see a doctor if you:</p>
<p>are 15 and haven&#x27;t started your period</p>
<p>have had your period for more than 2 years and it still doesn&#x27;t come regularly (about every 4–5 weeks)</p>
<p>Cramps are severe, and you seem to be bleeding between periods</p>
<p>have severe cramps that don&#x27;t get better with ibuprofen or naproxen </p>
<p>have very heavy bleeding (bleeding that goes through a pad or tampon faster than every 1 hour)</p>
<p>have periods that last more than about a week</p>
<p>It has been 3 months since your last period</p>
<p>have severe PMS that gets in the way of your everyday activities</p>
<h4>Daily Checklist for a Changing body</h4>
<ul><li>Shower preferably twice a day or at least once a day</li><li>Clean vagina <strong>ONLY</strong> with fresh water, NO douching liquids or chemicals.</li><li>Use deodorant or anti- per spirant on the underarms</li><li>Wash face daily to help prevent acne</li><li>Brush teeth twice per day</li><li>Eat well balanced diets</li><li>Get plenty of exercise and rest</li><li>Do not wear under garments repeatedly, it is preferable to wash and dry them under the sun before wearing again.</li></ul>
<p><strong>2.4.</strong><strong> </strong><strong>HIV and other STIs</strong></p>"
Comprehensive Sexuality Education (CSE),cse,Comprehensive Sexuality Education Training,cse-training,"HOVUCA's CSE curriculum covering relationships, sexual and reproductive health, life skills, gender, human rights, and substance abuse for learners aged 10 and above.",beginner,Module 2: Sexual and Reproductive Health,4,15,,SRH for older adolescents and above.,HIV & STIs,4,text,14,"<p><strong>2.</strong><strong>4</strong><strong>.1. HIV</strong></p>
<p><strong>What is HIV</strong></p>
<p>Human Immunodeficiency Virus (HIV) is a virus that attacks cells that help the body fight infects. NB. There is no cure but it is treatable with medicine</p>
<p><strong>H</strong> -uman</p>
<p>   Found only in humans</p>
<p>   Transmitted among humans</p>
<p>   Preventable by humans</p>
<p><strong>I </strong>-mmunodefiency</p>
<p>   Body lacks ability to fight off infections</p>
<p><strong>V</strong> -irus</p>
<p>  Type of germ</p>
<p>  Lives and reproduces in body cells</p>
<p>HIV is a virus that damages the immune system</p>
<p>-The immune system helps the body fight off infections</p>
<p>-AIDS is a disease that can develop in people with HIV</p>
<p>-It’s the most advanced stage of HIV</p>
<p>-But just because a person has HIV doesn’t mean they’ll develop AIDS</p>
<p>-HIV kills CD4 cells</p>
<p>-Healthy adults generally have a CD4 count of  per cubic millimeter</p>
<p>-A person with HIV whose CD4 count falls below  per cubic millimeter will be diagnosed with AIDS</p>
<p><strong>What is the Connection between HIV and AIDS</strong></p>
<p>To develop AIDS, a person has to have contracted HIV. But having HIV doesn’t necessarily mean that someone will develop AIDS.</p>
<p>Cases of HIV progress through three stages:</p>
<p><strong>stage 1:</strong> , the first few weeks after transmission</p>
<p><strong>stage 2:</strong> clinical latency, or chronic stage</p>
<p><strong>stage 3:</strong> AIDS</p>
<p>As HIV lowers the CD4 cell count, the immune system weakens. A typical adult’s CD4 count is 500 to 1,500 per cubic millimeter. A person with a count below 200 is considered to have AIDS.</p>
<p>Myths about HIV and AIDS. Don’t be fooled Get the facts</p>
<p>The below table show some myths and right facts.</p>
<p><strong>MYTHS AND RIGHT FACTS</strong></p>
<p><strong>HIV TRANSMISSION</strong></p>
<ul><li>HIV can be transmitted from one person to another through blood, semen,
vaginal fluid, rectal fluid, and breast milk. This can happen during:</li><li>Blood</li><li>semen</li><li>Vaginal and rectal fluids</li><li>breastmilk</li></ul>
<p>Some of the ways HIV is spread from person to person include:</p>
<p>through vaginal or anal sex , especially among men who have sex with men</p>
<p>by sharing needles, syringes, and other items for injection drug use</p>
<p>by sharing tattoo equipment without sterilizing it between uses</p>
<p>during pregnancy, labor, or delivery from a woman to her baby</p>
<p>during breastfeeding</p>
<p>through “pre-mastication,” or chewing a baby’s food before feeding it to them</p>
<p>through exposure to the blood of someone living with HIV, such as through a needle stick</p>
<p>through a blood transfusion or organ and tissue transplant.</p>
<p><strong>More ways HIV/AIDS can be Passed on (but rarely)</strong></p>
<p>oral sex (only if there are bleeding gums or open sores in the person’s mouth)</p>
<p>-being bitten by a person with HIV (only if the saliva is bloody or there are open sores in the person’s mouth)</p>
<p>-contact between broken skin, wounds, or mucous membranes and the blood of someone living with HIV</p>
<p><strong>HIV/AIDS cannot be Passed on</strong></p>
<ul><li>skin-to-skin contact</li><li>hugging, shaking hands, or kissing</li><li>air or water</li><li>sharing food or drinks, including drinking fountains</li><li>saliva, tears, or sweat (unless mixed with the blood of a person with HIV)</li><li>sharing a toilet, towels, or bedding</li><li>mosquitoes or other insects</li></ul>
<p><strong>You CANNOT get HIV from…</strong></p>
<p><strong>Tears </strong></p>
<p><strong>Saliva </strong></p>
<p><strong>Sweat</strong></p>
<p><strong>Urine of an HIV infected person</strong></p>
<p><strong>What is window Period for HIV</strong></p>
<p>It is the time between first infection of HIV and when the test can reliably detect the HIV infection.</p>
<ul><li>When a person gets infected it may take 6 weeks or up to 3 months before antibodies to HIV are detected in the blood</li><li>The HIV test looks for antibodies. When these antibodies are detected the person is diagnosed HIV positive</li><li>A person can be positive and the test shows negative because the test was done during the window period</li></ul>
<p><strong>Early Signs &amp; Symptoms of HIV</strong></p>
<p>Early symptoms of HIV can include:</p>
<p>- fever</p>
<p>- chills</p>
<p>- swollen lymph nodes</p>
<p>- general aches and pains</p>
<p>- skin rash</p>
<p>- sore throat</p>
<p>- headache</p>
<p>- nausea</p>
<p>- upset stomach</p>
<p>- diarrhea </p>
<p>Remember these are symptoms of many other illnesses.-</p>
<p><strong>Why HIV Rates are NOT Going Down especially for AGYW</strong></p>
<p>Sex at an early age </p>
<p>Little life-skills and sex education</p>
<p>Little condom use </p>
<p>Multiple partners</p>
<p>Stigma and Discrimination</p>
<p>Sex for money or sex for other things</p>
<p>Substance abuse: Ganja, cocaine, alcohol</p>
<p>Gender inequity and gender roles</p>
<p><strong>STI and HIV – The Link</strong></p>
<p><strong>Persons with a history of STIs are more likely to get HIV because:</strong></p>
<p>Persons with STIs are more likely to have sores and small breaks in the skin and lining of their genitals. HIV can more easily enter the body through these breaks.</p>
<p><strong>HIV PREVENTION</strong></p>
<p>Talk with partner about HIV</p>
<p>Use a condom with your regular and non-regular clients, and partners every time you have sex</p>
<p>Reduce the number of main partners</p>
<p>Get tested. Know your status</p>
<p>Pre-Exposure Prophylaxis (PrEP). If you don&#x27;t have HIV you can
protect yourself by taking anti-HIV medication called oral PrEP</p>
<p>Post Exposure Prophylaxis (PEP). If you’ve been exposed to HIV you can
prevent infection by taking  HIV medication - PEP within 72 hours of exposure.</p>
<p>Antiretroviral Therapy (ART). If you’re HIV positive you can prevent transmission to others by taking HIV medication</p>
<p><strong>Additional methods you can use to reduce the risk of HIV transmission during</strong><strong>
sex </strong><strong>are</strong><strong>:</strong></p>
<ul><li>Using male or female condoms every time you have sex - including vaginal, anal and oral sex</li><li>Using water-based or silicone-based lubricant to prevent condoms from breaking and dry sex.</li><li>Regularly testing for STIs and treating them immediately.</li><li>Abstaining, reducing your number of sexual partners and knowing you partner’s status.</li></ul>
<p><strong>Mothers with HIV can reduce the risk of HIV transmission to their baby by</strong>:</p>
<ul><li>Taking HIV medication during pregnancy, birth and breastfeeding.</li><li>Treating their baby with HIV medication.</li><li>HIV-positive people who do not wish to become pregnant can use family planning to prevent unintended pregnancy.</li><li>If you are HIV positive and thinking of having a baby, talk to a doctor about the best way to reduce the risk of transmission</li></ul>
<p><strong>You can reduce the risk of HIV transmission through blood by:</strong></p>
<ul><li>Avoiding contact with other people’s blood.</li><li>Never using a needle that has been used by someone else</li></ul>
<p><strong>AGAIN</strong><strong> and AGAIN!  </strong><strong>You cannot get HIV from touching, kissing or sharing food and drink with someone who is HIV positive</strong></p>
<p><strong>ADDITIONAL SYMPTOMS ESPECIALLY IN WOMEN</strong></p>
<p>In addition, women with HIV are at increased risk of:</p>
<ul><li>recurrent </li><li>other vaginal infections, including bacterial vaginosis</li><li>pelvic inflammatory disease (PID)</li><li>menstrual cycle changes</li><li>, which can cause  and lead to </li></ul>
<p><strong>CARE RESPONSE</strong></p>
<ul><li><strong>Create a safe space</strong></li><li>A safe space is both physically and emotionally safe. Make sure you’re somewhere private, where they feel physically safe. Explain that you’re just there to listen – you won’t judge them or tell them what to do. Let them know they can trust you to protect their confidentiality.</li><li><strong>Actively Listen</strong></li><li>Show them you’re listening deeply and with empathy. Use your body language to communicate that you’re paying attention. Give them space to talk, and acknowledge and validate their feelings.</li><li><strong>Reassure</strong></li><li>Reassure them by letting them know they’re not alone, you’re there for them and their feelings are valid. If they’ve shared an experience of violence, let them know that you believe them and it’s not their fault.</li><li><strong>Empower and Support</strong></li><li>Let them know they are in control of what happens next. Help them to identify their needs and consider their options. Be ready to provide them with information about support services they can access.</li></ul>
<p>Test and Prevent</p>
<ul><li>Everybody has a responsibility to contribute to the prevention of HIV in our community!</li></ul>
<p><strong>Other ways people living with HIV can improve their health include:</strong></p>
<p>Steps to help people living with HIV feel their best include:</p>
<ul><li>fueling their body with a well-balanced diet</li><li>exercising regularly</li><li>getting plenty of rest</li><li>avoiding tobacco and other drugs</li><li>reporting any new symptoms to their healthcare ----provider right away</li></ul>
<p><strong>2.</strong><strong>4</strong><strong>.2. SEXUALLY TRANSMISSIBLE INFECTIONS (STIs)</strong></p>
<p>An infection transmitted through sexual contact, caused by bacteria, viruses or parasites.</p>
<p>More than 30 different bacteria, viruses and parasites are transmitted through sexual contact. </p>
<p>STIs are spread predominantly by sexual contact, including vaginal, anal and oral sex. Some STIs can also be spread through non-sexual means such as via blood or blood products. Many STIs—including syphilis, hepatitis B, HIV, chlamydia, gonorrhoea, herpes, and HPV—can also be transmitted from mother to child during pregnancy and childbirth.</p>
<p>A person can have an STI without having obvious symptoms of disease. Common symptoms of STIs include vaginal discharge, urethral discharge or burning in men, genital ulcers, and abdominal pain.</p>
<p>Eight of these infections are linked to the greatest incidence of sexually transmitted disease.</p>
<p>4 Common types of STI - curable</p>
<ul><li>Syphilis: A bacterial infection usually spread by sexual contact that starts as a painless sore.</li><li>Chlamydia: A common, sexually transmitted infection that may not cause symptoms.</li><li>Gonorrhea:  A sexually transmitted bacterial infection that, if untreated, may cause infertility.</li><li>Trichomoniasis: a common sexually transmitted infection caused by a parasite. In women, it can cause a foul-smelling vaginal discharge, genital itching and painful urination. Men who have it typically have no symptoms.</li></ul>
<p>4 common types can’t be cured</p>
<ul><li>Hepatitis B:a vaccine-preventable liver infection caused by the hepatitis B virus (HBV). spread when blood, semen, or other body fluids from a person infected with the virus enters the body of someone who is not infected. </li><li>Herpes simplex virus (HSV or herpes): A common sexually transmitted infection marked by genital pain and sores.</li><li>HIV: HIV causes AIDS and interferes with the body&#x27;s ability to fight infections</li><li>Human papillomavirus (HPV): An infection that causes warts in various parts of the body, depending on the strain</li></ul>
<p>Treatment of STIs</p>
<ul><li>Effective treatment is currently available for several STIs.</li><li>Three bacterial STIs (chlamydia, gonorrhoea and syphilis) and one parasitic STI (trichomoniasis) are generally curable with existing, effective single-dose regimens of antibiotics.</li><li>For herpes and HIV, the most effective medications available are antivirals that can modulate the course of the disease, though they cannot cure the disease.</li><li>For hepatitis B, antiviral medications can help to fight the virus and slow damage to the liver.</li><li>To interrupt transmission of infection and prevent re-infection, treating sexual partners is an important component of STI case management.</li></ul>
<p>SCOPE OF THE PROBLEM</p>
<p>STIs have a profound impact on sexual and reproductive health worldwide.</p>
<ul><li>STIs like herpes and syphilis can increase the risk of HIV acquisition three-fold or more.</li><li>Mother-to-child transmission of STIs can result in stillbirth, neonatal death, low-birth-weight and prematurity, sepsis, pneumonia, neonatal conjunctivitis, and congenital deformities. Approximately 1 million pregnant women were estimated to have active syphilis in 2016, resulting in over 350 000 adverse birth outcomes of which 200 000 occurred as stillbirth or neonatal death (5).</li><li>HPV infection causes 570 000 cases of cervical cancer and over 300 000 cervical cancer deaths each year (6).</li><li>STIs such as gonorrhoea and chlamydia are major causes of pelvic inflammatory disease (PID) and infertility in women.</li></ul>
<p><strong>Prevention of STIs</strong></p>
<p><strong>Counselling and </strong><strong>behavioural</strong><strong> approaches</strong></p>
<p>Offer primary prevention against STIs (including HIV), as well as against unintended pregnancies. These include:</p>
<p>comprehensive sexuality education, </p>
<p>STI and HIV pre- and post-test counselling;</p>
<p>safer sex/risk-reduction counselling, condom promotion;</p>
<p>STI interventions targeted to key populations, such as sex workers, men who have sex with men and people who inject drugs; and</p>
<p>STI prevention education and counselling tailored to the needs of adolescents.</p>
<p>In addition, counselling can improve people’s ability to recognize the symptoms of STIs and increase the likelihood they will seek care or encourage a sexual partner to do so. Unfortunately, lack of public awareness, lack of training of health workers, and long-standing, widespread stigma around STIs remain barriers to greater and more effective use of these interventions.</p>
<p><strong>Barrier methods</strong></p>
<p>When used correctly and consistently, condoms offer one of the most effective methods of protection against STIs, including HIV. Female condoms are effective and safe, but are not used as widely by national programmes as male condoms.</p>
<p><strong>2</strong><strong>.</strong><strong>5</strong><strong>. Contraception</strong><strong> </strong></p>
<p>Comprehensive Sexual Health Education suggests abstinence as the preferred sexual behavior amongst teens. Abstaining from sexual activity that involves exchange of bodily fluids and/or genital to genital or skin to genital contact is the only sure way of avoiding the risk of pregnancy or sexually transmitted infections. Postponement of initial sexual activity, adherence to one sexual partner and protected sexual intercourse are sequentially offered as the next best alternatives.</p>
<table>
<tr><td></td><td>MYTHS</td><td>RIGHT FACTS</td></tr>
<tr><td></td><td>You can tell someone has HIV just by looking at them</td><td>There is no way to tell if someone has HIV by looking at them. Many people have HIV without knowing it. The only way to know if you are HIV positive is to have your blood tested.</td></tr>
<tr><td></td><td>You should avoid people
who have HIV in case they give it to you.</td><td>You cannot catch HIV like you catch the flu. HIV can only be transmitted when body fluid—either blood, semen, vaginal fluid, rectal fluid, or breast milk—enters the bloodstream of an HIV-negative person. You cannot get HIV through kissing, hugging, using the same utensils, using the same toilet, mosquitoes or any other casual contact.</td></tr>
<tr><td></td><td>Using condoms or oral PrEP means you don’t trust your partner.</td><td>Protecting yourself from HIV is not about trust. Anyone can be HIV positive, and many people don’t know their status. If you are in a loving and trusting relationship, you
should both want to protect each other from HIV. This means having safer sex, getting tested regularly and considering oral PrEP</td></tr>
<tr><td></td><td>Adolescent girls and young women, gay men and other men who have sex with men, sex workers and transgender people are more at risk of HIV because they are promiscuous.</td><td>Actually, there are many biological reasons that these groups are vulnerable to HIV. It’s easier for HIV to enter through the walls of the vagina than it is through the penis, and unprotected receptive anal sex makes people the most vulnerable to HIV. It’s also harder for these groups to protect themselves from HIV because society doesn’t treat them equally, and they have less power in their relationships to negotiate safer sex. Oral PrEP can help people take control of their health!</td></tr>
<tr><td></td><td>Some herbs can protect
you from HIV when you put them in your vagina.</td><td>here are no herbs or natural remedies that can prevent or cure HIV. Inserting plants or herbs into your vagina can increase your risk of HIV; it can dry out the vagina,
which can lead to tears and allow HIV to enter the body more easily.</td></tr>
<tr><td></td><td>If I use lubricant, I’m
protected against HIV.</td><td>Using water-based or silicone-based lubricant can reduce HIV vulnerability by keeping condoms from breaking or slipping, but using lubricant alone does not provide much HIV protection.</td></tr>
<tr><td></td><td></td><td></td></tr>
<tr><td></td><td>HIV-positive women should not breastfeed their babies.</td><td>It’s not that simple. Breastfeeding provides many nutrients and protective factors to a baby, and HIV transmission can be prevented with the right medication. HIV-positive mothers should work with their doctor to find the best option.</td></tr>
<tr><td></td><td>If you get HIV you will get sick and die.</td><td>While there is no cure for HIV, there are treatments available, known as antiretrovirals, or ARVs for short. If treatment is started early and taken consistently, a person with HIV can live a long and healthy life without ever
developing AIDS. These medications can also help prevent transmission to others</td></tr>
</table>
<table>
<tr><td>Test</td><td>Prevent</td><td>Respond</td><td>treat</td></tr>
<tr><td>Test for HIV and STIs – and do it regularly

Most HIV transmissions come from people who don’t know they’re HIV positive.
Knowing you’re HIV positive gives you the power to protect your health and prevent transmission to others. Knowing
your partner’s status is also important for
making decisions about HIV prevention</td><td>Protect yourself from HIV transmission
every time you have sex.
Use male condoms and female condoms.
Male and female condoms put a barrier between the most delicate skin and body fluids that may contain HIV and other STIs. Using lubricant (water- or silicone-based)
will help prevent condoms from breaking.

Prevent
Oral PrEP (preexposure
prophylaxis)
Oral PrEP is a medication that an HIVnegative person can take to protect
themselves from HIV. It creates a shield
around a person’s blood cells to protect
them from HIV. When a person takes oral PrEP every day and they’re exposed to HIV, it can’t infect their blood cells. The virus will die, and the person won’t get HIV. Oral PrEP doesn’t protect you against STIs, so it’s best to always use a condom

Abstinence, reducing your number of sexual partners, can also help prevent HIV</td><td>If you’ve been exposed to HIV, act quickly!

If you’re worried you might have been
exposed to HIV, you can take emergency
medication to reduce the risk that you’ll get HIV

Respond quickly
PEP (post-exposure
prophylaxis)
If HIV makes it into the body, PEP can
stop it from spreading to other cells. When HIV can’t spread, it dies. This may prevent a person from becoming HIV positive. PEP must be started within 72 hours of exposure and taken every day for 4 weeks</td><td>If you’ve been diagnosed with HIV, start treatment
as soon as possible to stay healthy and prevent
transmission.
If you find out you have HIV, it’s important
to start treatment right away. It won’t
cure HIV, but it can stop the virus from
spreading and developing into AIDS –
meaning that you can live a long and
healthy life. HIV treatment also reduces
the risk that you’ll transmit HIV to others.

Treatment
ART (Antiretroviral
therapy)
ART is a combination of medications that work together to reduce the amount of HIV in a person’s body and boost their immune system. If
treatment is started early and taken every day, the amount of HIV in a
person’s blood can become so low that there’s not enough of the virus
to pass on to others. This is called an undetectable viral load.</td></tr>
</table>"
Comprehensive Sexuality Education (CSE),cse,Comprehensive Sexuality Education Training,cse-training,"HOVUCA's CSE curriculum covering relationships, sexual and reproductive health, life skills, gender, human rights, and substance abuse for learners aged 10 and above.",beginner,Module 2: Sexual and Reproductive Health,4,15,,SRH for older adolescents and above.,Contraception,5,text,7,"<h4>What is contraception?</h4>
<p>Contraception occurs by either preventing the fertilization of an ovum (egg) by the sperm cell, or the prevention of implantation of the embryo (fertilized egg) into the lining of the uterus. </p>
<p><strong>Why is it important to learn about contraception?</strong>  </p>
<p>Teaching birth control/contraception is not an assumption that you are sexually active, but it is a factual information which is critical to make healthy decisions now and in the future.</p>
<p>Types of contraception methods include:</p>
<p>Abstinence</p>
<p>Condoms</p>
<p>The Fertility awareness or calendar use.</p>
<ul><li>Emergency Contraception/Plan B (the “morning after pill”)</li><li>Hormonal pills: A pill is taken orally each day </li><li>Birth control patch: This is a patch that sticks to the skin, delivers hormones through the skin, and is changed once per week for three weeks</li><li>Vaginal ring: This is a small flexible device that is inserted into the vagina once a month for three weeks</li></ul>
<p>Depo-Provera shot: This is an injection into the muscle every 12 weeks </p>
<p>Hormone-releasing intrauterine device (IUD): This is a tiny, T-shaped device that is inserted into the uterus and can stay in place for three to six years depending on the IUD that is chosen</p>
<p>Birth control implant: This is a small, thin rod that is inserted under the skin of the arm for 3 to 5 years (one in 10 women stopped using this method because of unfavorable bleeding changes)</p>
<p>Dual use</p>
<p>It should be noted that amongst all the contraceptive methods listed above, <strong>ABSTINENCE </strong>remains the <strong>most reliable method</strong> with <strong>100%</strong> guarantee to prevent unwanted pregnancies.</p>
<p><strong>C</strong><strong>ontraception</strong><strong> </strong><strong>method personal benefits against potential side effects and risks. </strong></p>
<p><strong>1. Male Condoms</strong></p>
<p><strong>Benefits:</strong></p>
<ul><li>Approximately 98% effective with correct use.</li><li>Offers protection against sexually transmitted infections (STIs) and pregnancy.</li><li>Widely available and easy to use.</li><li>Can be purchased over the counter.</li></ul>
<p><strong>Side Effects/Risks:</strong></p>
<ul><li>Some people may have latex allergies; non-latex options are available.</li><li> Can break or slip if not used correctly.</li><li>Some may find it affects sensitivity.</li></ul>
<p>2<strong>. Female Condoms**</strong></p>
<p><strong>Benefits:</strong></p>
<ul><li>Approximately 95% effective with correct use.</li><li> Provides STI protection and pregnancy prevention.</li><li> Women have control over use.</li><li>No hormonal side effects.</li></ul>
<p><strong>Side Effects/Risks:</strong></p>
<ul><li>Can be challenging to insert and may feel awkward for some.</li><li>Generally more expensive than male condoms.</li><li>Some may experience irritation or discomfort.</li></ul>
<p><strong>3. Contraceptive Pills</strong></p>
<p><strong>Benefits:</strong></p>
<ul><li>About 99% effective with perfect use.</li><li>Can regulate menstrual cycles and reduce menstrual cramps.</li><li>May reduce acne and lower the risk of certain cancers.</li></ul>
<p><strong>Side Effects/Risks:</strong></p>
<ul><li>Can include nausea, weight gain, mood swings, and headaches.</li><li>May increase the risk of blood clots, especially in smokers or those with certain health conditions.</li><li>Requires consistent daily use at the same time each day.</li></ul>
<p><strong>4. Injectable Contraceptives</strong></p>
<p><strong>Benefits:</strong></p>
<ul><li>About 94% effective with typical use.</li><li>Requires only quarterly or monthly injections.</li><li>Can reduce or eliminate menstrual periods.</li></ul>
<p><strong>Side Effects/Risks</strong>:</p>
<ul><li>May include weight gain, mood changes, and headaches.</li><li>Fertility may take some time to return after stopping injections.</li><li>Long-term use may affect bone density<strong>.</strong></li></ul>
<p><strong>5. Implants</strong></p>
<p><strong>Benefits:</strong></p>
<ul><li>More than 99% effective.</li><li>Provides protection for several years (3-5 years depending on the type).</li><li>Requires minimal action after insertion.</li></ul>
<p><strong>Side Effects/Risks:</strong></p>
<ul><li>Can include irregular bleeding, mood changes, and headaches.</li><li>Requires a minor surgical procedure for insertion and removal.</li><li>Similar to those experienced with other hormonal methods.</li></ul>
<p><strong>6</strong><strong>. Emergency Contraception (Morning-After Pill)</strong></p>
<p><strong>Benefits:</strong></p>
<ul><li>Reduces the risk of pregnancy if taken within 72-120 hours after unprotected sex (effectiveness decreases with time).</li><li>Over-the-counter in many places.</li></ul>
<p><strong>Side Effects/Risks</strong></p>
<ul><li>nausea, fatigue, and headaches.</li><li>Not intended for regular contraception but rather as a backup method.</li><li>Less effective in those with higher BMI; does not protect against STIs.</li></ul>
<p><strong>Choosing the Right Method:</strong></p>
<ul><li>Any pre-existing health conditions or risk factors.</li><li>How often you can commit to the method and its practicality.</li><li>Comfort with the method and how it aligns with your lifestyle and values<strong>.</strong></li></ul>
<p><strong>Barriers to contraceptive adoption and sustained use </strong></p>
<p><strong>i</strong><strong>)</strong> <strong>Limited method choice and access </strong></p>
<p>Contraceptive use depends on a person’s knowledge of methods and sources of supplies. There is also usually a correlation between travel time from a woman’s home to any health clinic and the likelihood that she will use a contraceptive</p>
<p><strong>ii) </strong><strong>Financial</strong><strong> costs </strong></p>
<p>The prices of contraceptives vary widely in different markets and between branded and generic products. The financial cost of contraceptives may influence choice of method and adoption. </p>
<p><strong>iii) Women’s status and perceptions of partner’s views</strong></p>
<p>The social construction of gender and women’s position within society affects many aspects of family planning. Fertility preferences can be derived from the social and economic status gained by conforming to cultural expectations about motherhood rather than through personal choice, for example by having large families, sons or proving fertility by having children straight after marriage. Again women are often financially dependent on men and may lack access to cash to purchase contraceptives and may also be coerced into making reproductive choices based on the wishes of others.</p>
<p><strong>iv) Medical and legal restrictions</strong></p>
<p>Practices, derived at least partly from a medical rationale, which result in a scientifically unjustifiable impediment to, or denial of, contraception. For example, women being subjected to unnecessary medical procedures as a prerequisite for gaining access to contraceptive methods may act as a barrier. Even where family planning services are physically accessible and economic barriers to access are few, medical barriers to contraceptive services— such as over specialisation, demanding husbands’ consent, eligibility restrictions and process hurdles—can limit women’s use of services</p>
<p><strong>v)  Provider bias</strong></p>
<p> Service providers sometimes deny access to a family planning method as a result of their own prejudices about the method or its delivery system or the status of the person asking for family planning</p>
<p><strong>vi) Misinformation </strong></p>
<p>Side effects, lack of accurate information, and misinformation commonly interact to create a disproportionate fear of fertility regulation methods. For instance, young people fear using either the pill or injectable contraceptives because they believed that these methods would make them permanently sterile.</p>
<p><strong>2.6. Pregnancy </strong></p>
<p><strong>What is Pregnancy</strong></p>
<p>Pregnancy is a<strong> </strong>period in which a fetus develops inside a woman&#x27;s womb or uterus. It can also be defined as the condition of carrying a developing embryo or fetus within the female body. It typically lasts about 40 weeks, measured from the first day of the last menstrual period (LMP)</p>
<p><strong>Signs of pregnancy</strong></p>
<ul><li>Missed Period</li><li>Nausea and Vomiting</li><li>Tender Breast</li><li>Fatigue</li><li>Frequent Urination.</li><li>Mood Swings.</li><li>Food Cravings </li><li>Increased Sensitivity to Smell</li><li>Headaches or Dizziness.</li></ul>
<p>If you suspect you might be pregnant, taking a home pregnancy test or visiting a healthcare provider can give you a definitive answer.</p>
<p><strong>Unintended Pregnancy. What is it?</strong></p>
<p>An unintended pregnancy is a pregnancy that is either occurring earlier than desired or unwanted occurring when no children are desired. Statistically it is estimated Approximately 44% of pregnancies worldwide are unintended and about 61% of unintended pregnancies end in abortion, 24% result in an unplanned birth, and 15% in miscarriage.</p>
<p><strong>Causes of unintended pregnancy</strong></p>
<p>Lack of Comprehensive Sexual Education leading to uninformed decisions.</p>
<p>Sexual Violence Pregnancies resulting from rape or coerced sex.</p>
<p>Ineffectiveness of contraceptive methods due to incorrect use or failure of the method itself.</p>
<p>Lack of Access to Contraception. Barriers to obtaining and using contraceptives, including cost, availability, and lack of information.</p>
<p>Societal norms and expectations influencing contraceptive use and sexual behavior.</p>
<p>Peer pressure the leads into reckless behaviors.</p>
<p>Having multiply sexual partners</p>
<p><strong>Consequences of unintended pregnancy for girls </strong></p>
<p>Higher risk of maternal morbidity and mortality, especially in cases of unsafe abortion.</p>
<p>Increased financial strain on families and healthcare systems.</p>
<p>Emotional stress, anxiety, and depression for the individual and parents.</p>
<p>Potential stigma and social repercussions, particularly for unmarried women and girls.</p>
<p>Children from unintended pregnancies may face adverse health and developmental outcomes due to potential lack of preparation and resources.</p>
<p> Unintended pregnancies can interrupt or end educational and career aspirations, particularly for young women.</p>
<p><strong>Consequences of unintended pregnancy for boys</strong></p>
<p>Emotional stress, anxiety and depression for the individual and parents.</p>
<p>School drop out</p>
<p>Increased financial strain on families and healthcare systems.</p>
<p>Unintended parenting </p>
<p><strong>How Can Unintended Pregnancy Be Prevented</strong></p>
<p>Providing accurate, age-appropriate information about sexual and reproductive health, including contraception, consent, and healthy relationships.</p>
<p>Right use and access to contraception</p>
<p>Improving access to quality reproductive health services and counselling </p>
<p>Promoting gender equality and empowering women and girls to make informed decisions about their reproductive health.</p>
<p>Support for Victims of Sexual Violence including access to emergency contraception, for survivors.</p>
<p><strong>Myths about pregnancy prevention</strong></p>
<ul><li>Douching with various solutions after sexual intercourse, which does not kill all sperm.</li><li>Drinking vast amounts of medication or alcohol which, does nothing to prevent pregnancy and could cause harm. </li><li>Withdrawal before orgasm (pulling out), which does not ensure sperm are not released into the vaginal area because pre-ejaculate can be unknowingly released. </li><li>Using Saran Wrap, instead of a condom which, does not protect against pregnancy.</li></ul>"
Comprehensive Sexuality Education (CSE),cse,Comprehensive Sexuality Education Training,cse-training,"HOVUCA's CSE curriculum covering relationships, sexual and reproductive health, life skills, gender, human rights, and substance abuse for learners aged 10 and above.",beginner,Module 2: Sexual and Reproductive Health,4,15,,SRH for older adolescents and above.,Abortion & Safe Reproductive Choices,6,text,3,"<p><strong>2.7. ABORTION</strong></p>
<p><strong>What is Abortion</strong></p>
<p>An <strong>abortion</strong> is a procedure to end a pregnancy. It uses medicine or surgery to remove the embryo or fetus and placenta from the uterus</p>
<p>Access to legal, safe and comprehensive abortion care, including post-abortion care, is essential for the attainment of the highest possible level of SRH</p>
<p>Access to safe abortion protects women’s and girls’ health and human rights:</p>
<ul><li>when carried out with a method that is recommended by the World Health Organization (WHO) </li><li>appropriate to the pregnancy duration</li><li>person carrying out the abortion has the necessary skills</li><li>done using tablets (medical abortion) or a simple outpatient procedure.</li></ul>
<p>UNSAFE ABORTION</p>
<p>Procedures may involve the insertion of an object or substance (root, twig, or catheter or traditional concoction) into the uterus; dilatation and curettage performed incorrectly by an unskilled provider; ingestion of harmful substances; and application of external force.</p>
<p>When women with unintended pregnancies do not have access to safe abortion, they often resort to unsafe abortion.</p>
<ul><li>when carried out either by a person lacking the necessary skills </li><li>environment that does not conform to minimal medical standards</li><li>or both.</li></ul>
<p>EFFECTS OF UNSAFE ABORTION</p>
<ul><li>immediate health risks </li><li>Death</li><li>long-term complications (affecting women’s physical and mental health and well-being throughout her life-course)</li><li>financial implications for women and communities</li></ul>
<p>BARRIERS TO ACCESSING SAFE ABORTION</p>
<ul><li>Restrictive laws</li><li>Poor availability of services</li><li>High cost</li><li>Stigma</li><li>The conscientious objection of health-care providers </li><li>Unnecessary requirements, such as mandatory waiting periods, provision of misleading information, third-party authorization, and medically unnecessary tests that delay care.</li></ul>"
Comprehensive Sexuality Education (CSE),cse,Comprehensive Sexuality Education Training,cse-training,"HOVUCA's CSE curriculum covering relationships, sexual and reproductive health, life skills, gender, human rights, and substance abuse for learners aged 10 and above.",beginner,Module 3: Personal / Life Skills,5,10,,"Values, decision making and social skills.",Values & Decision Making,1,text,3,"<p><strong>	</strong><strong>        (Values, decision making, communication, assertiveness, negotiation, looking for help)</strong></p>
<p>Acquiring personal skills has an important role to play in shaping the present and future of an individual. The basic institutions laying the foundation of these skills are the family and school. Acquisition of these skills can influence the way we feel about ourselves, the way others perceive us. Our productivity, self-esteem, self-confidence interpersonal and relationships are also affected. Improving our personal skills can result in individuals making informed choices to serve the interests of self and others, becoming “proactive” and change agents. We will be able to resolve conflicts, cope with stress and healthy relationships for personal and social interests.</p>
<p> The following life skills were identified at the EFA 2000 Regional conference at Bangkok for dealing with situations related to HIV/AIDS.</p>
<ul><li> How to make sound decisions about relationships and sexual interactions and stand up for those decisions (Thinking skills),</li><li>How to deal with pressures for unwanted sex or drugs (Thinking skills),</li><li>How to recognize a situation that might turn risky or violent (Thinking skills), </li><li>How and where to ask for help and support (social skills).</li><li>When ready for sexual relationship, how to negotiate protected sex or other forms of safer sex (negotiation skills).</li><li>How to show compassion and solidarity towards people with HIV/AIDS (social skills) How to care for people with AIDS in the family and community (social skills)</li></ul>
<p>Some of the life skills we will be looking at include: Values, decision making, assertiveness, negotiation skills, social skills and where to look for help.</p>
<h4>Values</h4>
<h4>An essential part in our self-discovery journey or our future exploration process is identifying what is most important to us and learn how they influence our dreams.  Values drive our actions and they motivate our goals. Our goals helps us establish our priorities in life, guides our decision-making, and affect our evaluation of our success and happiness in life. Take time to reflect what being successful means to you. It will be different for you than for other people. Think of your values as you are thinking about becoming successful. Values are your beliefs about what is important or desirable.</h4>
<p>When your values line up with how you live and work, you tend to feel more satisfied and confident.</p>
<p>Living or working in ways that contradict your values can lead to dissatisfaction, confusion, and discouragement. So there is good reason to clarify your values, and seek to match your purpose to them.</p>
<h4>Decision Making</h4>
<p>Decision making refers to making choices among alternative courses of action—which may also include inaction. Not all decisions in life have major consequences or even require a lot of thought. For example, before you come to class, you make simple and habitual decisions such as what to wear, what to eat, and which route to take as you go to and from home and school. However, decisions that are unique and important require conscious thinking, information gathering, and careful consideration of alternatives. It is important to be self-aware, especially when it comes to making difficult and important life decisions. How do you normally make important decisions? Toss a coin? Take advice from trusted role-models? Or let fate decide for you?  </p>
<p>Having a clear understanding of your life and career values will help make your decisions in school and work easier.</p>
<p>First, identify your values, what you find most important and essential in life.</p>
<p>Second, use your values to guide your decision making in your education and career options.</p>
<p>Finally, practice a decision-making process that provides you the opportunity to discover all of your choices so that you can make the best decisions based on all the options you have.</p>"
Comprehensive Sexuality Education (CSE),cse,Comprehensive Sexuality Education Training,cse-training,"HOVUCA's CSE curriculum covering relationships, sexual and reproductive health, life skills, gender, human rights, and substance abuse for learners aged 10 and above.",beginner,Module 3: Personal / Life Skills,5,10,,"Values, decision making and social skills.","Assertiveness, Social & Negotiating Skills",2,text,4,"<h4>Assertiveness</h4>
<p>This is the ability to express your opinions positively and with confidence. Asking for what you want firmly and fairly. Being assertive is a core communication skill. Assertiveness can help you express yourself effectively and stand up for your point of view. It can also help you do this while respecting the rights and beliefs of others. Being assertive can also help boost your self-esteem and earn others&#x27; respect. It may especially help you reduce stress if you tend to take on too many responsibilities because you have a hard time saying no. Because assertiveness is based on mutual respect, it&#x27;s an effective and diplomatic communication style. </p>
<p>Being assertive shows that you respect yourself because you&#x27;re willing to stand up for your interests and express your thoughts and feelings. It also demonstrates that you&#x27;re aware of others&#x27; rights and willing to work on resolving conflicts. Of course, it&#x27;s not just what you say — your message — but also how you say it that&#x27;s important. Assertive communication is direct and respectful. Being assertive gives you the best chance of successfully delivering your message. If you communicate in a way that&#x27;s too passive or too aggressive, your message may get lost because people are too busy reacting to your delivery.</p>
<h4>Assertive vs. passive behavior</h4>
<p>If your style is passive or nonassertive, you may seem to be shy or overly easygoing. You may routinely say things such as &quot;I&#x27;ll just go with whatever the group decides.&quot; You tend to avoid conflict. Why is that a problem? Because the message you&#x27;re sending is that your thoughts and feelings aren&#x27;t as important as those of other people. In essence, when you&#x27;re too passive, you allow others to ignore your wants and needs. Here are some tips to help you become more assertive:</p>
<p>Assess your style:  Do you voice your opinions or remain silent? Do you say yes to additional work even when your schedule is full?</p>
<p>Use &#x27;I&#x27; statements: Using I statements lets others know what you&#x27;re thinking or feeling without sounding accusatory. For instance, say, &quot;I disagree,&quot; rather than, &quot;You&#x27;re wrong.</p>
<p>Practice saying no:  If you have a hard time turning down requests, try saying, &quot;No, I can&#x27;t do that now.&quot; Remember that no is a complete sentence and you don&#x27;t need to explain why you choose to say no.</p>
<p>Rehearse what you want to say:  If it&#x27;s challenging to say what you want or think, practice general scenarios you encounter. Say what you want to say out loud. It may help to write it out first, too, so you can practice from a script.</p>
<p>Use body language:  Communication isn&#x27;t just verbal. Act confident even if you aren&#x27;t feeling it. Keep an upright posture, but lean forward a bit. Make regular eye contact. Maintain a neutral or positive facial expression.</p>
<p><strong>Keep emotions in check: </strong> Conflict is hard for most people. Maybe you get angry or frustrated, or maybe you feel like crying. Although these feelings are typical, they can get in the way of resolving conflict. If you feel too emotional going into a situation, wait a bit if possible. Then work on remaining calm. Breathe slowly. Keep your voice even and firm.</p>
<h4>The Benefits of Being Assertive</h4>
<p>Being assertive is usually viewed as a healthier communication style. Assertiveness offers many benefits. It helps you keep people from taking advantage of you. It can also help you from acting like a bully to others. Behaving assertively can help you:</p>
<ul><li>Gain self-confidence and self-esteem		- Gain a sense of empowerment</li><li>Understand and recognize your feelings        - Earn respect from others</li><li>Improve communication               		- Create win-win situations</li><li>Improve your decision-making skills             - Create honest relationships</li></ul>
<h4>Social skills</h4>
<p>Social skills has to do with building positive relationships with friends and family, listening and communicating effectively, taking responsibility and coping with stress. Social skills enable adolescents to be accepted in society and to accept social norms that provide the foundation for adult social behavior. </p>
<h4>Negotiating Skills</h4>
<p>Negotiating skills is an outcome of thinking and social skills. Thinking skills include self and social awareness, decision-making, problem solving, and goal setting. Social skills include establishing relationships, listening and communicating effectively. Negotiation skills, is a result of rational thinking based on informed choices and effective communication to get one’s ideas/plans accepted by the other person. Thus, to negotiate rationally and effectively, one needs to enhance thinking and social skills. Adolescents and young people need to negotiate with others for a healthy and happy life style and to overcome the strong influence of peer pressure for experimenting with drugs, alcohol and sex. </p>"
Comprehensive Sexuality Education (CSE),cse,Comprehensive Sexuality Education Training,cse-training,"HOVUCA's CSE curriculum covering relationships, sexual and reproductive health, life skills, gender, human rights, and substance abuse for learners aged 10 and above.",beginner,Module 3: Personal / Life Skills,5,10,,"Values, decision making and social skills.",Where to Find Help,3,text,3,"<h4>Where to find help?</h4>
<p>Sometimes things can seem overwhelming as an adolescent, and it can feel like you can’t cope or it is too difficult to manage how you&#x27;re feeling. You may simply just be having a bad day, or you may have an ongoing mental health problem that needs support. The important thing is not to try to cope on your own. When you’re struggling, it’s not good to spend too much time alone, especially if you are feeling low and vulnerable. It’s at times like these that you need to be able to talk to someone. Don’t be afraid to ask for help.</p>
<p>Asking for help isn’t always easy. Whether it is a friend, someone in your family, a faith leader or anyone else, you may feel that you don’t want to burden others by telling them your problems. You may worry about what a particular person or your community will think about you if you say you’re struggling with your mental health, or that they could tell other people about what you’ve said. You may even be afraid that they’ll laugh at you. But the truth is, people who care about you will want to help you. Even if at first it seems that they don’t understand, opening up that discussion is often the first step towards feeling better.</p>
<h4>Who can you ask for help?</h4>
<p>Everyone’s support network is different and you will know best who you feel most comfortable to turn to. This could be:</p>
<p>Your family: parents or care giver and older siblings, </p>
<p>Trusted friends: your own friends and  friends of the family</p>
<p>Professionals – A doctor or nurse, a social worker, a therapist.</p>
<p>A community support group or online community.</p>
<p>A faith leader or trusted member within your religious community.</p>"
Comprehensive Sexuality Education (CSE),cse,Comprehensive Sexuality Education Training,cse-training,"HOVUCA's CSE curriculum covering relationships, sexual and reproductive health, life skills, gender, human rights, and substance abuse for learners aged 10 and above.",beginner,Module 4: Gender Roles and Norms,6,10,,"Gender roles, inequality and gender-based violence.",Gender Roles & Stereotypes,1,text,4,"<p><strong>M</strong><strong>odule 4</strong></p>
<p>Gender Roles and Norms</p>
<p>Gender roles are how men and women are supposed to act. Gender roles are based in an understanding of femininity and masculinity. Women&#x27;s gender roles revolve around characteristics such as helpfulness, passivity, and kindness. Traditionally, women are seen as caregivers, nurturers, homemakers, and helpers. Men&#x27;s gender roles revolve around characteristics such as dominance, assertiveness, and strength. Traditionally, men&#x27;s gender roles include breadwinner, leader, and protector.</p>
<h4>What is the purpose of gender roles?</h4>
<p>Gender roles are the product of antiquated understandings of gender and sex. Gender roles maintain a social hierarchy in which men hold power over women in political and personal, public and private settings. Socializing men and women into these roles influences them to internalize this social hierarchy and replicate power dynamics which perpetuate gender inequality and discrimination.</p>
<h4>Traditional Gender Roles</h4>
<p>Gender roles are based on society&#x27;s understanding of femininity and masculinity, or the combined attributes deemed natural to women and men. Gender roles are closely related to <strong>gender stereotypes</strong>, or generalizations about how an individual is or should be based on the individual&#x27;s gender. Gender stereotypes fall into four main categories:</p>
<p><strong>Physical appearance</strong>: Expectations and ideals for an individual&#x27;s physique, characteristics, skin color, hair color and texture, dress, and presentation. These expectations and ideals vary by society (e.g., norms about the level of modesty of clothing, thin or curvaceous ideal).</p>
<p><strong>Personality traits</strong>: Expectations and ideals for a person&#x27;s behavior.</p>
<p><strong>Occupations</strong>: Expectations for what kind of job an individual should have or aspire to have.</p>
<p><strong>Domestic behaviors</strong>: Expectations about the responsibilities an individual will take on in a domestic setting.</p>
<p>Gender stereotypes perpetuate gender roles and are a crucial part of socialization. By hearing gender stereotypes related to the four categories above, children learn which behaviors they should replicate and avoid. Ultimately, gender stereotypes feed into the construction of traditional gender roles for women and men. Though norms vary by cultural context, there are some overarching similarities among traditional gender roles.</p>
<h4>Traditional Gender Roles for Women</h4>
<p>Personality traits associated with femininity include passivity, humility, cooperativeness, expressiveness, kindness, vulnerability, and selflessness. Women are expected to be polite, agreeable, and deferent, especially to men, to fit the traditional feminine ideal. Women are also expected to maintain or aspire to have a thin or curvaceous physique, dress to a certain level of modesty, and wear makeup. Masculinity personality traits include dominance, assertiveness, logic, independence, competitiveness, and strength. Men are expected to display physical strength, athletic prowess, and dominance over women to fit the traditional masculine ideal </p>
<p>. Traditional gender roles for women include:</p>
<p><strong>Caregiver and nurturer:</strong> Women are expected to be the primary caregiver to their children and any elderly relatives.</p>
<p><strong>Homemaker:</strong> There is an expectation of cooking, cleaning, buying groceries, and doing any other tasks related to running a household.</p>
<p>In wealthy households, women are expected to organize and supervise domestic laborers such as nannies or cleaning staff.</p>
<p><strong>Helper:</strong> Women are expected to be helpful, generous, and supportive to men in their life, be they a male boss or coworker, father, brother, husband, boyfriend, or other male acquaintance.</p>
<p><strong>Helping professions:</strong> Professions traditionally seen as appropriate for women generally pertain to professions such as nursing, education, caregiving, and secretarial work.</p>
<p>You probably see gender stereotypes all around you. You might also have seen or experienced sexism, or discrimination based on gender. There are ways to challenge these stereotypes to help everyone no matter their gender or gender identity, everyone has to feel equal and valued as people. You can disengage gender roles when you;</p>
<p><strong>Point it out</strong>:  Magazines, TV, film, and the Internet are full of negative gender stereotypes. Sometimes these stereotypes are hard for people to see unless they’re pointed out. Be that person! Talk with friends and family members about the stereotypes you see and help others understand how sexism and gender stereotypes can be hurtful.</p>
<p><strong>Be a living example</strong>: Be a role model for your friends and family. Respect people regardless of their gender identity. Create a safe space for people to express themselves and their true qualities regardless of what society’s gender stereotypes and expectations are.</p>
<p><strong>Speak up</strong>: If someone is making sexist jokes and comments, whether online or in person, challenge them.</p>
<p><strong>Give it a try</strong>:  If you want to do something that’s not normally associated with your gender, think about whether you’ll be safe doing it. If you think you will, give it a try. People will learn from your example.</p>
<p>If you’ve been struggling with gender or gender identity and expectations, you’re not alone. It may help you to talk to a trusted parent, friend, family member, teacher, or counselor.</p>"
Comprehensive Sexuality Education (CSE),cse,Comprehensive Sexuality Education Training,cse-training,"HOVUCA's CSE curriculum covering relationships, sexual and reproductive health, life skills, gender, human rights, and substance abuse for learners aged 10 and above.",beginner,Module 4: Gender Roles and Norms,6,10,,"Gender roles, inequality and gender-based violence.",Gender Inequality,2,text,3,"<p><strong>Gender inequality</strong></p>
<p>Gender inequality refers to the unequal treatment or perceptions of individuals based on their gender.</p>
<p><strong>Consequences of Gender inequality </strong></p>
<ul><li>When women are excluded from certain sectors or face barriers to advancement, economies lose out on valuable contributions.</li><li>When a women earn less than men for equivalent work, it can lead to long-term financial disadvantages, including lower savings and retirement funds. This income gap exacerbates poverty and limits economic independence.</li><li>Gender bias in education can limit access and opportunities for girls, affecting their ability to achieve higher education levels and career advancement. This perpetuates cycles of poverty and inequality.</li><li>Gender inequality can result in disparities in healthcare access and quality. For example, women might face barriers to reproductive health services or receive less attention for gender-specific health issues.</li><li>Gender inequality can contribute to mental health issues, including stress and anxiety. Women, in particular, may face additional pressures related to balancing work and family responsibilities, men may experience stress from conforming to traditional masculine norms.</li><li>Gender inequality often results in underrepresentation of women in political and leadership roles.</li><li>The absence of diverse voices in decision-making can lead to less inclusive policies and perpetuate systemic inequalities.</li><li>Women are disproportionately affected by intimate partner violence, which can have severe physical and psychological consequences.</li></ul>"
Comprehensive Sexuality Education (CSE),cse,Comprehensive Sexuality Education Training,cse-training,"HOVUCA's CSE curriculum covering relationships, sexual and reproductive health, life skills, gender, human rights, and substance abuse for learners aged 10 and above.",beginner,Module 4: Gender Roles and Norms,6,10,,"Gender roles, inequality and gender-based violence.",Gender-Based Violence: Types & Prevention,3,text,6,"<p><strong>GENDER BASED VIOLENCE</strong></p>
<p>Gender-based violence is violence against a person based on their sex. Women and girls suffer higher incidences of this violence because of their subordinate status in the society. It includes any act or threat by anyone or institutions that inflict physical, sexual, or psychological harm on a woman or girl because of their gender. In most cultures, traditional beliefs, norms and social institutions legitimize and therefore perpetuate violence against women.</p>
<p>TYPES OF GENDER BASED VIOLENCE</p>
<ul><li><strong>Early/ Forced Marriage</strong><strong> (EFM)</strong></li></ul>
<p>Early marriage is a formal or informal union where one or both parties is under the age of 18 years. Forced marriage occurs at any age when at least one spouse does not offer full consent</p>
<p>In developing countries, one out of every three girls is married before age 18.</p>
<p>  Health risks of EFM (and early pregnancy) are severe.</p>
<p>	- Increased maternal mortality</p>
<p>	- Increased child mortality</p>
<p>	- Increased fistula</p>
<p>	- Increased HIV and STIs</p>
<p>  Relationships initiated through EFM are more likely to involve IPV.</p>
<ul><li><strong>Female Genital Mutilation (FGM)</strong></li></ul>
<p>FGM is a traditional practice that involves the cutting or altering of the female genitalia as a rite of passage or for other socio cultural reasons. This practice varies from partial or total removal of the external genitalia to the narrowing of vaginal opening. FGM has no known benefit but inflicts intense pain, bleeding, painful menstruation, infections and trauma. Doctors have said that this practice could be associated with the rapid spread of HIV through cuts and abrasions in the scar tissue.</p>
<p><strong>Rape:</strong> This occurs when someone is forced to have sex against her will. It is a violent and humiliating assault. Rape occurs in homes and community and can happen to people of all ages, educational levels, religious and sexual orientation. The elderly, mentally and physically infirm are often preyed upon due to their vulnerability. Rape violates a woman’s integrity and oftentimes leaves victims emotionally scarred all their lives.</p>
<p><strong>Commercial sex exploitation</strong>: This is usually in the form of sexual tourism defined by UNICEF as existing when affluent men travel during holidays from advanced economies to some less economically developed regions to have sex with women and young girls aged below eighteen. Within countries, men are also buying sex including sex with minors. This type of GBV also involves the trafficking of women across borders.</p>
<p><strong>Socio-economic violence</strong><strong>: </strong>Typical forms of socio-economic violence include taking away the earnings of the victim<strong>, </strong>not allowing them to have a separate income – for instance, giving women housewife status, or making them work in a family business without a salary or making the women unfit for work<strong> </strong>through targeted physical abuse.</p>
<p><strong>LET US NOW LOOK AT SCHOOL RELATED GENDER BASED VIOLENCE</strong></p>
<p>School-related gender-based violence results in sexual, physical, or psychological harm to girls and boys. It includes any form of violence or abuse that is based on gendered stereotypes or that targets students on the basis of their sex. It includes, but is not limited to: rape, unwanted sexual touching, unwanted sexual comments, corporal punishment, bullying, and verbal harassment. Unequal power relations between adults and children and males and females contribute to gender violence. Violence can take place in school buildings (including dormitories), on school grounds, or going to and from school and may be perpetrated by teachers, students, or community members. Girls and boys can be victims or perpetrators.</p>
<p><strong>There are three major types of School </strong><strong>Relateed</strong><strong> GBV</strong>: </p>
<ul><li><strong>Sexual violence</strong>: It is the most common form of School related GBV  and it involves violence or abuse by an adult e.g a teacher or another child through any form of forced or unwanted sexual activity where there is no consent, or use of power and/or intimidation is used to coerce a sexual act. Sexual violence and abuse include direct physical contact, such as unwanted touching of any kind or rape. Regardless of the legal age of consent, sexual activity between a teacher and student is considered abuse because of the age and power differentials between the two. Sexual violence can also be perpetrated verbally, through sexually explicit language or any repetitive, unwanted sexual attention such as teasing or taunting about dress or personal appearance.</li><li><strong>Physical Violence:</strong> Girls and boys experience physical violence or abuse by an adult or another child through corporal punishment, forced labor, fighting, and bullying. Among these, corporal punishment is the most widely administered and tolerated, and it involves any punishment in which physical force is used to cause some degree of pain or discomfort, however minimal. This type of violence involves hitting children with the hand or an implement (e.g., whip, stick, belt, shoe, or spoon). It can also involve kicking, shaking, scratching, pinching, biting, pulling hair, boxing ears, burning, scalding, forced ingestion of soap or hot spices, throwing children, or forcing children to stay in uncomfortable positions. </li><li><strong>Psychological abuse</strong>: It entails harassment or exploitation with the intent to degrade or demoralize someone on the basis of his/her sex. Girls and boys experience psychological violence and abuse from both peers and teachers through verbal harassment, bullying, teasing, or degrading and cruel punishment. Teachers may use non-physical punishment that belittles, humiliates, denigrates, scapegoats, threatens, scares, or ridicules children. Constant criticisms of an unjustified nature, refusal to praise, unclear boundaries, and unpredictable behavior eventually take their toll on young people. Bullying can range from teasing to physical violence perpetrated by students or teachers, and it tends to occur as a pattern of behavior rather than an isolated incident. Observing violence against others can have a psychological effect on students, causing them to feel afraid or helpless.</li></ul>
<p>Gender Based Violence Prevention</p>
<p>School related GBV can be Prevented through the following policy areas: </p>
<p>• gender equality</p>
<p> • early childhood care and education (ECCE);</p>
<p>• teacher recruitment and criminal checks </p>
<p>• teacher training </p>
<p>• curriculum policy</p>
<p> • corporal punishment</p>
<p>• bullying and violence in schools </p>
<p>• violence on the basis of SOGIE (sexual orientation, gender identity, and gender expression.)</p>
<p>• school management responsibilities for child protection and child safety </p>
<p>• child protection reporting </p>
<p>• school health and safety </p>
<p>• special education/inclusive education</p>
<p>• parental/community involvement and education</p>
<p>• collaboration with other service providers (e.g. health, child protection agencies, etc.)</p>
<p><strong>Also:</strong></p>
<p><strong>Children as agents of change</strong></p>
<p> Boys and girls with attitudes, knowledge and skills relating to gender equality and tolerance of diversity acquired through school education can help break intergenerational cycles of violence, and change cultures of violence.</p>
<p><strong>Empowering children </strong></p>
<p>Children can be empowered through education to prevent school related GBV by ensuring they have knowledge and skills around human rights, gender equality and sexuality education. SRGBV-related content can be included into formal and informal, and national and locally set curricula. </p>
<p><strong>Co-curricular </strong><strong>programmes</strong></p>
<p>Such programmes can also be implemented to address specific issues such as bullying and cyber-bullying, and violence, including SOGIE-based violence</p>
<table>
<tr><td>Sexual Violence</td><td>Socio-economic Violence</td><td>Socio-economic Violence</td><td>Physical violence</td><td>RAPE</td><td>Psychological/
Emotional Violence</td><td>Harmful traditional practices</td></tr>
<tr><td>Inappropriate touching or fondling.
Incest.
Child sexual abuse.
Voyeurism.
Obscene phone calls.
Sexual harassment.
Commercial sex exploitation</td><td>property damage.
Restricting access to financial resources education or the labour market, or not complying with economic responsibilities,</td><td>hair pulling
biting
pushin.
Punching
slapping
Battering</td><td>hair pulling
biting
pushin.
Punching
slapping
Battering</td><td>RAPE</td><td>Rejecting
Ignoring
Isolating
Corruption
Exploitin</td><td>Female genital mutilation (FGM). 
Early marriage; various taboos</td></tr>
</table>"
Comprehensive Sexuality Education (CSE),cse,Comprehensive Sexuality Education Training,cse-training,"HOVUCA's CSE curriculum covering relationships, sexual and reproductive health, life skills, gender, human rights, and substance abuse for learners aged 10 and above.",beginner,Module 5: Human Rights,7,10,,Human rights and their link to SRH.,Human Rights Fundamentals,1,text,3,"<p>Module 5</p>
<p>HUMAN RIGHTS</p>
<p>Human rights are fundamental rights and freedoms that every person is entitled to simply because they are human. They are protected by international documents like the <strong>Universal Declaration of Human Rights from 1948</strong>, and by many international treaties and national laws.</p>
<p><strong>Characteristics of human rights </strong></p>
<p>Universal: They apply to all people, regardless of nationality, race, gender, religion, or any other status.</p>
<p>Inalienable: They cannot be taken away or given up, except in specific situations and according to due process. Example committing crimes that the penalty entitle imprisonment and taking away your right to freedom of movement  </p>
<p>Indivisible and Interdependent: All rights are equally important and interrelated; the fulfillment of one right often depends on the fulfillment of others. </p>
<p>Non-discriminatory: Human rights should be exercised without discrimination of any kind. </p>"
Comprehensive Sexuality Education (CSE),cse,Comprehensive Sexuality Education Training,cse-training,"HOVUCA's CSE curriculum covering relationships, sexual and reproductive health, life skills, gender, human rights, and substance abuse for learners aged 10 and above.",beginner,Module 5: Human Rights,7,10,,Human rights and their link to SRH.,SRH & Human Rights,2,text,3,"<p><strong>Sexual and reproductive health and human rights</strong></p>
<p>The relationship between sexual and reproductive health and human rights ensures that individuals can make informed decisions about their sexual and reproductive lives free from discrimination, coercion, and violence. Key aspects of this relationship include:</p>
<p>1. <strong>Right to Health.</strong> Access to comprehensive sexual and reproductive health services, including contraception, maternal health care.</p>
<p>2. <strong>Right to Information.</strong> Individuals have the right to receive accurate information about SRH to make informed decisions.</p>
<p>3. <strong>Right to Privacy.</strong> Decisions about one&#x27;s body and reproductive life should be made without undue interference.</p>
<p>4. <strong>Right to Education.</strong> Comprehensive sexuality education empowers individuals to make informed choices about their sexual and reproductive health.</p>
<p>5. <strong>Right to Equality and Non-Discrimination.</strong> SRH rights should be enjoyed without discrimination based on gender, sexual orientation, marital status, or other factors.</p>
<p>6. <strong>Right To Express Opinion.</strong> Individuals and couples have the right to decide freely and responsibly the number, spacing, and timing of their children.</p>
<p>7. <strong>Freedom from Torture</strong>. Forced sterilization, forced pregnancy, and other coercive practices violate SRH rights and constitute human rights abuses.</p>
<p><strong>Importance Of Sexual and Reproductive Health Right </strong><strong>For</strong><strong> Girls And Boys </strong></p>
<p> Here are key reasons why SRH rights are vital:</p>
<p>Access to accurate information and services helps prevent sexually transmitted infections (STIs), including HIV, and reduces rates of unintended pregnancies, unsafe abortions, and maternal mortality and improving overall community health.</p>
<p>Empowerment and Autonomy. Understanding their rights and having access to SRH services enables young people to make informed decisions about their bodies, fostering a sense of control and independence.</p>
<p> By preventing early and unintended pregnancies and reducing the incidence of STIs, SRH rights help keep young people in school, improving their future educational and career prospects.</p>
<p>Ensuring SRH rights contributes to breaking down gender stereotypes and promoting equality, allowing both girls and boys to pursue their aspirations without being hindered by gender norms and promoting gender equality.</p>
<p>Knowledge and access to SRH resources help protect young people from sexual abuse, exploitation, and harmful practices such as child marriage and female genital mutilation (FGM). </p>"
Comprehensive Sexuality Education (CSE),cse,Comprehensive Sexuality Education Training,cse-training,"HOVUCA's CSE curriculum covering relationships, sexual and reproductive health, life skills, gender, human rights, and substance abuse for learners aged 10 and above.",beginner,Module 5: Human Rights,7,10,,Human rights and their link to SRH.,"Duty Bearers, Rights Holders & Class Exercise",3,text,3,"<p><strong>Roles and Obligations in Human Rights Protection</strong></p>
<p>1. <strong>Duty Bearers</strong>. These are the entities or individuals who have obligations to respect, protect, and fulfill human rights. This includes parents, NGO, Governments and State Actors.</p>
<p>2. <strong>Rights Holders.</strong> These are the individuals or groups entitled to claim their human rights. Rights holders include: All Individuals, Certain groups, such as children, women, minorities, and people with disabilities, may have additional specific rights protections.</p>
<p><strong>Class exercise on human rights. </strong></p>
<p>Fill the table below with the information provided</p>
<p>A 13 Years girl who is not going to school and being force to get married to a 44years man and is a victim of female genital mutilation </p>
<p>A boy who has been arrested for working late at night. </p>
<p>A girl who has been raped by the brother and she can’t speak out</p>
<table>
<tr><td>Right violated</td><td>Right holder</td><td>Duty holder</td><td>Imbalance of power and norms that hinder the fulfillments of right</td><td>What can you do to bring change</td></tr>
<tr><td></td><td></td><td></td><td></td><td></td></tr>
<tr><td></td><td></td><td></td><td></td><td></td></tr>
</table>"
Comprehensive Sexuality Education (CSE),cse,Comprehensive Sexuality Education Training,cse-training,"HOVUCA's CSE curriculum covering relationships, sexual and reproductive health, life skills, gender, human rights, and substance abuse for learners aged 10 and above.",beginner,Module 6: Drug Abuse,8,10,,"Substance abuse: causes, risks and getting help.",Understanding Drug Abuse,1,text,3,"<p><strong>Module 6</strong></p>
<p><strong>Drug Abuse</strong></p>
<p>Drug abuse, also known as substance abuse, refers to the harmful or hazardous use of psychoactive substances, including alcohol and illicit drugs. It involves the use of these substances in a way that is detrimental to the user&#x27;s health, well-being, and daily functioning. Commonly abused substances include alcohol, marijuana, cocaine, heroin, prescription medications (like painkillers, stimulants, and sedatives), and synthetic drugs (like ecstasy or methamphetamine).</p>
<p><strong>Causes of drug abuse among young people</strong></p>
<ul><li>Peer Pressure. Adolescents are particularly susceptible to peer influence, which can drive them to experiment with drugs to fit in or gain acceptance.</li><li>The desire to explore new experiences or challenges, coupled with a sense of invincibility, can lead adolescents to experiment with drugs.</li><li>Conditions such as depression, anxiety, can increase the likelihood of substance abuse as a way to cope with emotional or psychological pain.</li><li>A lack of parental supervision, communication problems, or family conflict can contribute to drug abuse. A family history of substance abuse also increases risk.</li><li>Limited access to positive recreational activities, high levels of stress, or living in environments where drug use is prevalent can influence adolescent drug.</li><li>Exposure to drug use in media and popular culture, along with societal attitudes that glamorize substance use, can impact adolescents&#x27; perceptions and behaviors.</li><li>Stress related to school performance and future expectations can lead some adolescents to use drugs as a coping mechanism.</li><li>Inadequate education about the risks and consequences of drug use can lead adolescents to underestimate the dangers and experiment with substances.</li><li>Struggles with self-identity or low self-esteem can lead adolescents to use drugs as a means of escaping or altering their self-perception.</li><li> Exposure to traumatic events or experiences of abuse can increase vulnerability to drug abuse as a form of escape or self-medication.</li><li><strong>Some commo</strong><strong>n drugs and substances consumed by adolescent</strong>s </li><li><strong>Alcohol</strong></li><li><strong>Description:</strong> Often consumed in various social settings, alcohol is popular among adolescents despite legal drinking age restrictions.</li><li><strong>Cannabis (Marijuana)</strong></li><li><strong>Description:</strong> Cannabis is one of the most commonly used illegal drugs among young people, often smoked or used in edibles.</li><li><strong>Tobacco</strong></li><li><strong>Description:</strong> Smoking cigarettes or using other tobacco products is prevalent, despite known health risks.</li><li><strong>Stimulants (e.g., Cocaine)</strong></li><li><strong>Description:</strong> Although less common, stimulants like cocaine are sometimes used, especially in urban areas.</li><li><strong>Prescription Medications</strong></li><li><strong>Description:</strong> Misuse of prescription medications, such as painkillers or stimulants, occurs, often involving drugs obtained without a prescription.</li></ul>"
Comprehensive Sexuality Education (CSE),cse,Comprehensive Sexuality Education Training,cse-training,"HOVUCA's CSE curriculum covering relationships, sexual and reproductive health, life skills, gender, human rights, and substance abuse for learners aged 10 and above.",beginner,Module 6: Drug Abuse,8,10,,"Substance abuse: causes, risks and getting help.","Signs, Risks & Consequences of Drug Abuse",2,text,3,"<p><strong>Some physical traits and symptoms that might be associated with drug addiction</strong></p>
<p><strong>Changes in Appearance</strong>: Noticeable weight loss or gain, poor skin condition (such as acne, sores, or unusual pallor), and general neglect of personal grooming and hygiene.</p>
<p><strong>Bloodshot or Glassy Eyes</strong>: Eyes may appear red, bloodshot, or glassy, and pupils may be dilated or constricted depending on the drug used.</p>
<p><strong>Unusual Odors</strong>: A distinctive smell on the breath, clothing, or body, which can vary depending on the drug (e.g., a chemical or sweet odor).</p>
<p><strong>Track Marks or Injection Sites</strong>: For those using injectable drugs, visible track marks or scars on the arms, legs, or other areas where needles are used.</p>
<p><strong>Nasal Issues</strong>: In individuals who snort drugs, there may be signs of nasal damage, such as a runny or bloody nose, frequent nosebleeds, or a perforated nasal septum.</p>
<p><strong>Poor Skin Condition</strong>: Skin may appear unhealthy, with signs of infections, abscesses, or skin lesions, particularly if the drug use involves injecting substances.</p>
<p> How does drug abuse influence the spread of HIV and increases the risk of unintended pregnancies among young people</p>
<p>Drug abuse significantly influences the spread of HIV and increases the risk of unintended pregnancies among young people through a combination of biological, behavioral, and social factors. Here are the ways in which drug abuse affects these two critical public health issues:</p>
<p><strong>Sharing Needles and Injection Equipment:</strong> Young people who inject drugs and share needles or other injection equipment are at high risk of HIV transmission.</p>
<p><strong>Sexual Exchange for Drugs</strong>: Young people may engage in sex work or exchange sex for drugs, increasing their risk of HIV and untended pregnancies.</p>
<p><strong>Unprotected Sex</strong>: Drug use impairs judgment and increases the likelihood of engaging in unprotected sex, increasing their risk of HIV and unintended pregnancies.</p>
<p><strong>Altered Immune System</strong>: Chronic drug use can weaken the immune system, making young people more susceptible to HIV.</p>
<p><strong>Increased Viral Load</strong>: For those already infected with HIV, drug abuse can increase viral load and the risk of transmission to others.</p>
<p><strong>Consequences of drug abuse</strong></p>
<p>Drugs can lead to various health issues, brain damage including respiratory problems, cardiovascular issues, liver damage, and compromised immune function and also affecting cognitive functions such as memory, learning, and decision-making.</p>
<p>Drug use is often linked to decreased academic achievement and higher dropout rates.</p>
<p>Drug use can strain relationships with family and friends, leading to conflicts and social isolation.</p>
<p>Adolescents using drugs are more likely to engage in risky behaviors such as unsafe sex, driving under the influence, or criminal activities.</p>
<p> Possession, use, or distribution of illegal drugs can result in legal problems, including arrests, fines, or a criminal record.</p>
<p>self-Esteem Issues It can contribute to low self-esteem and feelings of guilt or shame.</p>
<p>The cost of purchasing drugs can lead to financial difficulties or involvement in illegal activities to support the habit</p>
<p>Increased Risk of Accidents</p>"
Comprehensive Sexuality Education (CSE),cse,Comprehensive Sexuality Education Training,cse-training,"HOVUCA's CSE curriculum covering relationships, sexual and reproductive health, life skills, gender, human rights, and substance abuse for learners aged 10 and above.",beginner,Module 6: Drug Abuse,8,10,,"Substance abuse: causes, risks and getting help.",Getting Help & Stopping Drug Abuse,3,text,3,"<p><strong> How can I stop drug Abuse?</strong></p>
<p><strong>Self-Reflection</strong>: Recognize and admit that you have a problem with drug abuse.</p>
<p><strong>Understand the Consequences</strong>: Be aware of the negative impact drug abuse has on your health, relationships, and life.</p>
<p><strong>Consult a Healthcare Provider</strong>: A doctor or mental health professional can provide a diagnosis and recommend treatment options.</p>
<p><strong>Substance Abuse Treatment Programs</strong>: Enroll in an inpatient or outpatient treatment program that offers medical detox, therapy, and support.</p>
<p>CORE COMPONENTS OF THE RIGHT TO HEALTH</p>
<p><strong>Availability</strong><strong>                 </strong><strong>Accessibility                  </strong><strong> </strong><strong>Acceptability</strong><strong>                        </strong><strong>Quality</strong></p>"
